gold_id,latitude,longitude
Go0000002,54.517335,159.973068
Go0000004,44.560318,-110.8228244
Go0000005,44.6100594,-110.4388217
Go0000009,40.0812,-74.4078
Go0000016,42.404699,-72.308526
Go0000021,45.04,-94.418
Go0000026,26.6,-77.8833
Go0000027,53.55,10
Go0000037,41.526411,-70.680585
Go0000042,39.689,-84.168
Go0000049,0,-140
Go0000051,51.9646,5.6623
Go0000056,44.646244,-63.573566
Go0000066,66.67,-18.5
Go0000071,49.48,8.44
Go0000083,54.943172,10.775886
Go0000084,42.374554,-71.116818
Go0000087,36.022,-84.269
Go0000091,33.283615,-81.726394
Go0000094,52.9509,0.9329
Go0000096,44.6264,-85.6091
Go0000100,38.1287,-122.7616
Go0000115,32.9,-117.255
Go0000117,40.888925,9.101915
Go0000119,33.216667,136.71667
Go0000120,37.690968,-122.310752
Go0000123,41.603221,-73.087749
Go0000126,-22.058056,-176.0775
Go0000136,40.106649,-88.195627
Go0000137,53.5528,9.9806
Go0000146,37.916192,139.036413
Go0000148,39.538845,-107.783363
Go0000151,-23.273646,151.950073
Go0000153,44.4267,-83.3323
Go0000163,40.833,14.15
Go0000166,35.080371,-106.627085
Go0000172,40.829,14.13
Go0000175,47.7398,13.3017
Go0000181,30.473413,-87.212261
Go0000182,38.067222,-122.25
Go0000189,18.92,-155.27
Go0000196,14.2359,121.166
Go0000197,48.38828,-115.55581
Go0000202,38.3913,14.968
Go0000207,34.107811,-118.599658
Go0000209,10.345,107.084
Go0000212,34.052187,-118.243425
Go0000220,34.423403,-119.704416
Go0000223,47.606,-122.332
Go0000229,43.3007,-73.6349
Go0000238,71.294,-156.25
Go0000240,48.38828,-115.55581
Go0000242,33.831609,-118.263731
Go0000245,60.025392,10.666437
Go0000249,9.8505,-104.2999
Go0000258,44.393704,-110.567703
Go0000259,41.525871,-70.670327
Go0000260,41.476883,-71.426451
Go0000271,40.71,-74
Go0000276,-36.5588,145.415039
Go0000283,35.97,-83.92
Go0000286,37.51,-122.506701
Go0000298,51.532,9.928
Go0000299,57.158679,-2.071953
Go0000301,47.609106,-122.569354
Go0000302,41.8647,-87.6477
Go0000304,37.986853,-119.045711
Go0000328,37.7539,126.4882
Go0000330,35,-76
Go0000334,32.6852,-117.1445
Go0000338,51.3534,-1.6156
Go0000339,48.38828,-115.55581
Go0000346,53,-2
Go0000347,58.42198,-149.574839
Go0000350,40.833568,14.162399
Go0000359,70,160
Go0000361,12.25,-68.75
Go0000363,57.3798,20.0115
Go0000365,55.755786,37.617633
Go0000367,-68.479167,-78.183611
Go0000368,43.24,-73.6678
Go0000374,37.584154,-76.178374
Go0000377,42.22179,-120.367935
Go0000381,38.3121,-123.0661
Go0000387,33.2842,-81.7263
Go0000391,52.792,7.242
Go0000416,5.8992,-55.168
Go0000425,37.513333,-68.24
Go0000429,38.9863,-77.0535
Go0000431,53.1508714,13.0498302
Go0000433,61.75,6.816667
Go0000437,47.116667,145.850278
Go0000438,45.4556,12.3374
Go0000439,42.2424,-71.3697
Go0000448,40.844,14.251
Go0000455,37.066666,-40
Go0000467,65.821602,153.327561
Go0000496,21.462738,-157.810321
Go0000536,40.756,-72.82
Go0000546,-19.018917,16.346379
Go0000569,51.372,-0.452
Go0000617,36.805686,128.624055
Go0000618,49.5,-2.5
Go0000620,43.2,6.866667
Go0000621,37.083333,-68.033333
Go0000622,22.495,-65.6
Go0000642,-34.93,138.6
Go0000671,43.204557,-75.923098
Go0000680,34.99,138.39
Go0000690,44.3757616,135.7631719
Go0000705,40.735,13.948
Go0000725,41.603221,-73.087749
Go0000791,37.77,-122.22
Go0000939,40.567095,-105.077036
Go0000940,13.330266,14.100133
Go0000952,43.09709,-89.50473
Go0000953,39.789,20.781
Go0000965,43.07,-89.4
Go0000998,38.58,-122.58
Go0001016,37.986853,-119.045711
Go0001051,54.33,10.13
Go0001163,44.86123,-121.201442
Go0001165,44.393704,-110.567703
Go0001171,54.182,10.445
Go0001173,63.88,-22.5
Go0001177,44.65,-63.6
Go0001178,39.57,2.63
Go0001179,41.38,-8.32
Go0001182,52.939,-73.549
Go0001183,33.245043,126.409526
Go0001187,55.753,37.604
Go0001189,60.39,5.32
Go0001190,44.376,-110.69
Go0001191,63.93,-22.1
Go0001192,43.326,10.498
Go0001203,25.307,110.263
Go0001205,32.718834,-117.163841
Go0001207,35.91,-79.055
Go0001210,45.640618,9.002209
Go0001212,39.9,116.4
Go0001213,52.52,14.42
Go0001214,52.51,13.4
Go0001221,-27.424,153
Go0001222,37.95,58.38
Go0001223,14.83,-17.23
Go0001224,51.589,4.774
Go0001225,41.177342,-112.50211
Go0001226,35.259,139.629
Go0001227,-11.189722,-79.075833
Go0001228,60.18,24.93
Go0001229,40.01,-83
Go0001232,36.48,-116.5
Go0001234,35.67,138.56
Go0001235,45.64,9
Go0001253,20.237556,84.270018
Go0001255,27.834,-97.062
Go0001265,32.530544,-106.723473
Go0001266,39.852013,116.535297
Go0001326,35.23968,139.04623
Go0001329,45.424979,-88.771304
Go0001332,-38.233,145.928
Go0001371,37.986853,-119.045711
Go0001389,29.710489,-95.39907
Go0001430,70,158
Go0001431,44.969,-110.72
Go0001435,41.585,-112.0843
Go0001469,-12.354729,130.88165
Go0001487,47.482959,-94.879704
Go0001546,42.444589,-76.499268
Go0001692,-14.5994,-28.6731
Go0001753,44.6111,-110.4412
Go0001773,44.376262,-110.690383
Go0001809,37.147034,24.518901
Go0001811,-32.533333,-57
Go0001823,41.526357,-70.668322
Go0001833,35.447507,139.642345
Go0001840,24.14,-110.31
Go0001894,30.325278,30.407222
Go0001897,34.299366,-79.876714
Go0001903,66.780217,-18.480835
Go0001905,28.083612,-111.408692
Go0001908,23.366667,-44.933333
Go0001915,36.01,-84.269
Go0001917,37.728543,-89.215708
Go0001918,-1.935,36.253
Go0001919,9.833,-104.3
Go0001922,40.491816,-74.322087
Go0001924,48.85,2.35
Go0001926,25.066127,-77.339025
Go0001927,40.964972,-5.663047
Go0001929,-5.05,11.783
Go0001930,18.088189,-67.147095
Go0001932,45.64,9.002
Go0001933,43.1,-89.4
Go0001934,35.658503,139.752173
Go0001967,51.455718,-2.588654
Go0001972,-37.800453,144.942169
Go0001973,53.553407,9.992196
Go0001995,51.77,5.53
Go0002007,44.376262,-110.690383
Go0002088,44.636707,-110.438919
Go0002091,17.972949,-67.047164
Go0002101,36.548,-82.561
Go0002102,44.376262,-110.690383
Go0002103,39.75,-107.62
Go0002105,45.77,-111.021591
Go0002111,37.73,-25.3
Go0002112,37.916192,139.036413
Go0002121,52.11,6.05
Go0002122,51.416,79.483
Go0002198,50.452258,-104.605694
Go0002201,43.255,76.912
Go0002212,35.493,-118.85
Go0002213,35.493,-118.85
Go0002229,35.985007,-121.245346
Go0002235,42.733621,-84.546582
Go0002239,45.394173,5.259637
Go0002242,37.87,-122.27
Go0002244,47.9615,16.5171
Go0002245,48.6911,6.1823
Go0002249,40.437746,-74.20347
Go0002255,37.566535,126.977969
Go0002256,39.538845,-107.783363
Go0002258,47.800499,13.04441
Go0002260,14.7031,-17.4221
Go0002265,52.38,9.82
Go0002266,53.869,8.693
Go0002268,42.759,-84.399
Go0002270,62.520684,139.053039
Go0002271,52.637993,-1.640747
Go0002272,4.6,74.08
Go0002273,-27.32,148.72
Go0002275,27.27,127.17
Go0002289,44.088769,-62.738342
Go0002293,44.7532,-110.7227
Go0002294,45.360542,11.789381
Go0002298,40.668,-122.527
Go0002309,-68.3481,78.0432
Go0002315,45.3453,34.49973
Go0002317,38.4154,14.9609
Go0002325,36.674,24.517
Go0002333,47.607503,-122.343002
Go0002334,52.45785,158.196201
Go0002335,52.45785,158.196201
Go0002336,52.45785,158.196201
Go0002338,40.5126,-121.4347
Go0002339,40.515313,-121.433315
Go0002342,44.699641,-110.745721
Go0002343,44.6184,-110.1025
Go0002444,29.32,-82.23
Go0002779,38.25222,140.335602
Go0002833,33.378561,126.566191
Go0002884,53.83,-3.05
Go0002963,9.542534,138.11013
Go0003084,43.07,-89.4
Go0003218,-4.23,152.2
Go0003219,25.13,-80.41
Go0003221,34.856,138.938
Go0003222,-38.131667,176.241944
Go0003246,43.849784,-69.6266
Go0003249,-23.821424,31.445618
Go0003265,53.37,-1.5
Go0003395,30.418502,30.333323
Go0003396,52.504582,82.999935
Go0003403,42.44,-76.5
Go0003442,46.26,34.86
Go0003444,4.63,-74.08
Go0003484,27.87,-110.81
Go0003485,-0.307616,-20.566842
Go0003487,14.75,-44.983
Go0003489,23.36,-44.93
Go0003490,65.05,-16.8
Go0003492,21.37,38.07
Go0003498,39.281,-76.29
Go0003500,-6.247447,107.148452
Go0003513,29.4,-82.3
Go0003524,39.348317,-107.859192
Go0003527,44.376262,-110.690383
Go0003528,44.376262,-110.690383
Go0003566,57.162143,-2.719417
Go0003611,41.15,-112.67
Go0003612,41.177,-112.502
Go0003614,38.132591,15.05422
Go0003617,40.811936,14.074832
Go0003619,30.437189,30.334396
Go0003640,43.849784,-69.6266
Go0003647,-1.944,36.252
Go0003648,12.8,-103.93
Go0003651,-1.944676,36.252237
Go0003658,64.000879,-21.200366
Go0003678,51.97,5.665
Go0003680,51.333265,94.52413
Go0003681,47.661279,9.172061
Go0003682,54.5,159.97
Go0003685,-25.316667,70.033355
Go0003687,38.743434,140.71658
Go0003688,44.806,-110.448
Go0003689,60.886314,3.611503
Go0003690,37.946,-25.49
Go0003691,35.447,139.642
Go0003692,36.266667,-33.9
Go0003696,63.879,-22.434
Go0003803,-12.353811,130.882602
Go0003857,35.011636,135.768029
Go0003890,47.57,-122.64
Go0003892,40.382709,9.012008
Go0003901,47.366667,8.55
Go0003903,53.998709,112.891865
Go0003916,54.37,10.2
Go0003931,43.078418,-89.386482
Go0003955,-31.53,116.947
Go0003957,-31.530408,116.947875
Go0003959,54.520524,159.968948
Go0003960,64.8631,-19.52906
Go0004027,37.87,-122.27
Go0004068,0,0
Go0004075,0,0
Go0004076,0,0
Go0004107,32.248,-110.926
Go0004171,0,0
Go0004181,54.10114,13.3885
Go0004223,43.7555,-89.055234
Go0004249,47.23,8.63
Go0004276,44.603028,-110.865194
Go0004312,30.581,-91.244
Go0004315,56.115502,15.537785
Go0004317,44.376262,-110.690383
Go0004323,39.537,141.121
Go0004358,47.633,-122.256
Go0004360,47.633,-122.256
Go0004362,48.7,-3.97
Go0004363,39.6197,-118.94594
Go0004364,47.67,9.16
Go0004365,11.35,142.41
Go0004367,-2.042025,29.407518
Go0004375,52.104217,6.060133
Go0004376,43.009,40.989
Go0004377,52.011,4.36
Go0004404,58.393,19.895997
Go0004406,-33.5055,-56.8894
Go0004418,12.25,109.199
Go0004422,47.633,-122.256
Go0004423,48.826,154.125
Go0004424,-38.139,176.247
Go0004497,58.3938,19.895997
Go0004498,36.829,138.217
Go0004501,10.131,-83.518
Go0004503,48.624712,2.430844
Go0004566,27.78,126.88
Go0004684,26.75602,94.20945
Go0004685,45.423,-75.697
Go0004687,32.84,-117.258
Go0004742,44.9369,-91.3928
Go0004779,12.230558,109.201183
Go0004780,64.27951,-20.36138
Go0004786,-22.16889,-176.60028
Go0004815,38.25222,140.335602
Go0004820,37.87,-122.27
Go0004821,43.32,-90.82
Go0004824,23.133333,-82.366667
Go0004856,-68.55,78.25
Go0004857,32.927838,-112.304867
Go0004858,32.927838,-112.304867
Go0004860,51.481,-3.18
Go0004861,-77.613983,163.184624
Go0004863,43.07,-89.4
Go0004895,32.349568,-64.713955
Go0004903,42.697144,-84.378797
Go0004925,32.927,-112.304
Go0004927,-24.6,-69.53
Go0004930,32.972495,-112.302704
Go0004943,44.03,-116.96
Go0004972,52.885,-163
Go0005027,32.349568,-64.713465
Go0005039,42.697144,-84.378797
Go0005042,43.0210892,-76.4778834
Go0005066,52.202,0.131
Go0005073,41.526357,-70.668322
Go0005078,36.123175,-97.069644
Go0005098,37.74,-122.46
Go0005139,35.66,139.33
Go0005154,36.350412,127.384548
Go0005156,43.064615,141.346807
Go0005157,30.417,-91.167
Go0005158,11.162815,41.780548
Go0005159,-24.913333,145.138333
Go0005169,30.873351,120.124512
Go0005241,51.503376,-0.087329
Go0005333,31.5,35.49
Go0005334,-2.343556,36.045844
Go0005336,33.974,-83.419
Go0005409,43.07,-89.4
Go0005435,40.19,141.78
Go0005437,31.1,35.383333
Go0005490,44.76,-110.74
Go0005626,38,-123.01
Go0005694,57.243,-2.686
Go0005840,57.333333,20.05
Go0005849,37.825278,-122.296389
Go0005857,51.533,9.933
Go0005858,48.139,11.58
Go0005859,41.503,-5.746
Go0005880,51.96,5.67
Go0005888,22.760875,120.637579
Go0005919,52.17,10.55
Go0005931,37.871,-122.272
Go0005933,36.5693,-121.86
Go0005935,28.063861,89.682599
Go0005967,7.528,81.357
Go0005970,59.332,18.064
Go0006004,51.01,3.74
Go0006014,40.651893,-119.376659
Go0006015,41.051289,-119.02879
Go0006017,37.4018,-122.245
Go0006045,69.05,20.833333
Go0006046,69.0096,20.9385
Go0006055,51.513871,7.465782
Go0006117,46.3262052,7.5722559
Go0006167,38.012,-118.976
Go0006168,47.663,9.175
Go0006215,36.01,-84.263
Go0006244,44.630844,-110.440292
Go0006309,28.65,140.82
Go0006316,40.594649,-7.872571
Go0006321,44.603028,-110.865194
Go0006324,36.947098,129.530165
Go0006325,53.45,8.2
Go0006340,64.000353,-21.200194
Go0006354,54.518929,159.975815
Go0006355,42.406669,-85.40053
Go0006375,47.393,-119.492
Go0006380,20.673,-101.354
Go0006434,-22.663,-66.236
Go0006462,40.742,-74.172
Go0006506,41.61,-70.57
Go0006519,37.16,-3.59
Go0006533,36.010783,-84.27
Go0006535,32.42,-104.228
Go0006536,23.75298511,120.9498753
Go0006537,37.436,138.838
Go0006541,58.233,38.12
Go0006550,37.76854,-25.331441
Go0006554,-11.941,34.419
Go0006610,46.9577,-117.0263
Go0006616,42.34,-83.04
Go0006636,37.774,-122.419
Go0006641,44.354886,-103.763954
Go0006642,56.51,82.5
Go0006650,57.333333,20.05
Go0006651,44.354886,-103.763954
Go0006654,-1.944676,36.252237
Go0006657,57.617655,19.499173
Go0006677,36.000785,-84.275494
Go0006680,46.986,8.339
Go0006695,45.321,60.642
Go0006703,32.84,-117.258
Go0006711,44.354886,-103.763954
Go0006720,50.814788,8.769239
Go0006753,-33.911276,150.97474
Go0006754,44.354886,-103.763954
Go0006755,-12.49,-4.99
Go0006785,43.2,114.016
Go0006787,34.69,135.195
Go0006794,-1.9446,36.2522
Go0006800,43.916,115.616
Go0006804,40.853,14.153
Go0006809,43.916667,115.616667
Go0006935,43.793,87.627
Go0007023,78.924,11.955
Go0007031,53.722222,7.722222
Go0007065,35.059529,-98.470459
Go0007074,31.496,35.496
Go0007183,50.708,-71.8981
Go0007192,31.448584,35.403503
Go0007230,22.341,114.281
Go0007260,53.723692,8.172912
Go0007349,40.776,-119.394
Go0007350,30.459,-97.838
Go0007354,37.438682,25.328178
Go0007389,-31.41,-56
Go0007391,-41.0335,147.667
Go0007392,-32.53333,-71.48333
Go0007393,-34.98,117.96
Go0007394,36.975,24.743
Go0007395,-13.65,32.63
Go0007433,41.526,-70.673
Go0007434,41.526,-70.673
Go0007436,-31.799722,18.621111
Go0007438,37.128333,25.443333
Go0007469,30.4166,30.333
Go0007471,43.495921,3.834114
Go0007537,69.01,20.83
Go0007747,-22.929194,-42.390149
Go0007904,59.865,17.63
Go0007906,32.45,105.843
Go0007909,39.89,3.09
Go0007910,33.906602,73.393734
Go0007938,58.75,48.98
Go0007940,32.45,105.843
Go0007941,26.98,47.58
Go0007942,24.108,117.294
Go0007945,44.317,87.663
Go0007946,28.9,48.18
Go0007947,44.317,87.663
Go0007960,17.333,76.83
Go0007978,53.475174,8.223553
Go0007996,55.6803,12.5714
Go0007998,1.319,103.853
Go0007999,33.531,-81.721
Go0008000,-31.471,115.084
Go0008151,37.8406,-122.2896
Go0008245,46.65,8.583
Go0008286,37.896,-122.25
Go0008290,45.31,9.5
Go0008296,43.61,3.88
Go0008387,37.831,-122.285
Go0008391,51.251951,7.452031
Go0008470,44.479459,-110.649262
Go0008487,63.870162,-22.558676
Go0008511,38.451,-84.404
Go0008663,54.095,159.427
Go0008664,52.514,6.092
Go0008801,43.86005,-69.650145
Go0008852,47.957498,-122.529373
Go0008860,54.108,159.427
Go0008935,61.533333,-150.45
Go0008940,18.268,-65.76
Go0009015,59.8,17.65
Go0009016,59.8,17.65
Go0009017,59.8,17.65
Go0009018,59.8,17.6
Go0009104,44.3338,-68.058094
Go0009358,35.5,139.77
Go0009476,45.362,11.789
Go0009478,38.9,-77.031
Go0009580,28.247,-16.639
Go0009581,-40.355746,175.61219
Go0009582,36.426,10.09
Go0009583,37.147182,24.514618
Go0009584,-31.29,19.3
Go0009585,-33.68,18.69
Go0009586,-30.33,17.99
Go0009587,33.471631,-116.990719
Go0009588,-29.9125,29.16667
Go0009598,34.94,138.57
Go0009606,-22.45,117.99
Go0009607,-22.45,117.99
Go0009609,-22.7,-43.7
Go0009610,38.87997,-77.10677
Go0009611,-27.35,31.3
Go0009622,53.9436,-1.0577
Go0009623,53.9436,-1.0577
Go0009624,53.9436,-1.0577
Go0009625,37.445,25.363
Go0009626,52.02558,8.536262
Go0009658,51.387638,22.369194
Go0009659,51.206238,23.2687
Go0009660,13.16125,32.66342
Go0009661,22.28889,120.87222
Go0009662,44.633234,-123.193796
Go0009663,-30.50714,-57.71
Go0009718,34.94,138.57
Go0009723,41.525993,-70.676093
Go0009730,36.79499,-108.693466
Go0009734,69.372,88.235
Go0009735,45.888783,4.605968
Go0009756,26.27061,73.021177
Go0009757,26.27061,73.021177
Go0009758,44.524483,9.874639
Go0009782,44.524483,9.874639
Go0009783,-22.254586,166.612297
Go0009784,4.946111,-52.300833
Go0009785,4.880833,-52.312778
Go0009786,-21.014689,164.7411
Go0009787,-35.13531,142.0262
Go0009788,-35.32,148.25
Go0009789,46.422936,60.726814
Go0009790,42.37,-76.875999
Go0009793,31.1890535,120.2691876
Go0009803,13.06,80.249
Go0009812,26.0794,-98.138
Go0009814,9.1663,79.8248
Go0009815,9.1663,79.8248
Go0009816,35.772096,-78.638614
Go0009817,34.05125493,-111.089437
Go0009818,40.6331249,-89.3985283
Go0009838,27.185,33.81
Go0009846,-22.126355,113.90625
Go0009847,39.034832,-76.907474
Go0009848,42.02335,-93.625622
Go0009849,33.424006,-90.915101
Go0009850,42.02335,-93.625622
Go0009851,35.689488,139.6917
Go0009852,42.02335,-93.625622
Go0009853,35.689488,139.6917
Go0009882,22.8,-158
Go0009883,-12.494833,-4.998667
Go0009884,-24.77676,113.615112
Go0009885,-25.639,28.172
Go0009887,9.2835,-83.8533
Go0009889,-13.335,132.439
Go0009890,9.1727,79.8568
Go0010053,48.747361,6.349354
Go0010058,-45.53,169.9415
Go0010088,-40.3167,175.6169
Go0010089,45.53,169.9415
Go0010090,-45.864179,170.512551
Go0010091,-30.50714,-57.701898
Go0010092,-13.335,132.439
Go0010127,-31.381,19.3
Go0010128,-15.6,-47.7
Go0010129,-11.43,-41.392
Go0010131,-33.49,18.44
Go0010132,-11.06,-41.7
Go0010141,35.893,138.245
Go0010170,43.608401,3.880033
Go0010226,-33.394759,115.839844
Go0010227,-25.443275,113.950195
Go0010228,39.39902,8.560993
Go0010229,29.074324,-13.479696
Go0010230,49.6,11.004467
Go0010231,-35.1833,142.3833
Go0010232,37.073806,25.520554
Go0010236,52.68,1.3
Go0010237,52.68,1.3
Go0010238,47.239,5.091
Go0010239,47.75,1.32
Go0010240,40.735812,8.559036
Go0010241,43.61944,122.265737
Go0010242,-22.724976,-47.6476
Go0010250,-38.159221,176.261873
Go0010263,40.4733,25.5222
Go0010264,40.94412,9.066467
Go0010265,36.3833,42.45
Go0010266,-16.785461,145.6857333
Go0010267,-22.741391,-43.70525
Go0010268,33.3245,7.99
Go0010269,29.074324,-13.479696
Go0010334,38.3912,14.9676
Go0010339,17.112443,80.022583
Go0010359,52.2,5.5
Go0010430,12.13333,-103.93333
Go0010603,35.339858,139.491291
Go0010615,44.354886,-103.763954
Go0010623,37.68,-122.28
Go0010633,44.354886,-103.763954
Go0010634,44.354886,-103.763954
Go0010703,45.08,13.64
Go0010706,45.08,13.64
Go0010854,-12.494833,-4.998667
Go0010875,-12.494833,-4.998667
Go0011006,44.469,-110.639
Go0011007,-23.628991,-70.372898
Go0011009,-12.49,-4.99
Go0011010,-12.49,-4.99
Go0011011,22.75,-158
Go0011012,-12.49,-4.99
Go0011013,22.75,-158
Go0011014,22.75,-158
Go0011015,22.75,-158
Go0011201,31.392,90.009
Go0011220,49.566,8.973
Go0011250,39.49,-0.4
Go0011291,51.38,-2.35
Go0011342,49.682207,-124.005217
Go0011343,49.682207,-124.005217
Go0011344,49.682207,-124.005217
Go0011345,49.682207,-124.005217
Go0011346,49.682207,-124.005217
Go0011347,49.682207,-124.005217
Go0011348,49.682207,-124.005217
Go0011349,49.682207,-124.005217
Go0011350,49.682207,-124.005217
Go0011355,25.671667,-100.341667
Go0011358,40.661433,-119.36625
Go0011359,40.661433,-119.36625
Go0011360,40.661433,-119.36625
Go0011361,40.661433,-119.36625
Go0011393,49.682207,-124.005217
Go0011395,49.682207,-124.005217
Go0011396,49.682207,-124.005217
Go0011397,49.682207,-124.005217
Go0011398,49.682207,-124.005217
Go0011399,49.682207,-124.005217
Go0011400,49.682207,-124.005217
Go0011401,49.682207,-124.005217
Go0011402,40.661433,-119.36625
Go0011403,40.661433,-119.36625
Go0011404,49.682207,-124.005217
Go0011406,49.682207,-124.005217
Go0011407,49.682207,-124.005217
Go0011409,49.682207,-124.005217
Go0011411,49.682207,-124.005217
Go0011412,49.682207,-124.005217
Go0011413,49.682207,-124.005217
Go0011414,49.682207,-124.005217
Go0011444,56.10555,10.463333
Go0011448,38.483206,21.321511
Go0011449,38.483206,21.321511
Go0011450,38.483206,21.321511
Go0011451,25.671667,-100.341667
Go0011452,25.671667,-100.341667
Go0011453,25.671667,-100.341667
Go0011454,49.682207,-124.005217
Go0011455,38.483206,21.321511
Go0011456,49.682207,-124.005217
Go0011457,25.671667,-100.341667
Go0011460,25.671667,-100.341667
Go0011461,25.671667,-100.341667
Go0011464,25.671667,-100.341667
Go0011466,25.671667,-100.341667
Go0011508,25.671667,-100.341667
Go0011509,25.671667,-100.341667
Go0011510,25.671667,-100.341667
Go0011511,25.671667,-100.341667
Go0011512,25.671667,-100.341667
Go0011513,25.671667,-100.341667
Go0011514,25.671667,-100.341667
Go0011515,25.671667,-100.341667
Go0011516,25.671667,-100.341667
Go0011517,25.671667,-100.341667
Go0011518,25.671667,-100.341667
Go0011519,40.661433,-119.36625
Go0011543,25.671667,-100.341667
Go0011595,49.682207,-124.005217
Go0011596,49.682207,-124.005217
Go0011597,49.682207,-124.005217
Go0011598,49.682207,-124.005217
Go0011599,49.682207,-124.005217
Go0011601,25.671667,-100.341667
Go0011602,44.354886,-103.763954
Go0011604,44.354886,-103.763954
Go0011605,44.354886,-103.763954
Go0011606,44.354886,-103.763954
Go0011609,44.354886,-103.763954
Go0011611,44.354886,-103.763954
Go0011638,49.682207,-124.005217
Go0011639,49.682207,-124.005217
Go0011640,49.682207,-124.005217
Go0011641,49.682207,-124.005217
Go0011642,49.682207,-124.005217
Go0011643,49.682207,-124.005217
Go0011644,49.682207,-124.005217
Go0011645,49.682207,-124.005217
Go0011647,49.682207,-124.005217
Go0011648,49.682207,-124.005217
Go0011725,44.354886,-103.763954
Go0011838,9.8367,-104.2917
Go0011839,9.8367,-104.2917
Go0011929,40.661433,-119.36625
Go0011965,40.661433,-119.36625
Go0011967,40.661433,-119.36625
Go0011968,40.661433,-119.36625
Go0011969,40.661433,-119.36625
Go0011970,40.661433,-119.36625
Go0011973,40.661433,-119.36625
Go0011974,40.661433,-119.36625
Go0011976,49.682207,-124.005217
Go0011978,49.682207,-124.005217
Go0011979,49.682207,-124.005217
Go0011980,49.682207,-124.005217
Go0011981,49.682207,-124.005217
Go0011982,49.682207,-124.005217
Go0011983,49.682207,-124.005217
Go0011984,49.682207,-124.005217
Go0011985,49.682207,-124.005217
Go0011986,49.682207,-124.005217
Go0012013,40.661433,-119.36625
Go0012015,40.661433,-119.36625
Go0012016,40.661433,-119.36625
Go0012019,40.661433,-119.36625
Go0012020,40.661433,-119.36625
Go0012021,40.661433,-119.36625
Go0012023,49.682207,-124.005217
Go0012024,49.682207,-124.005217
Go0012025,49.682207,-124.005217
Go0012027,49.682207,-124.005217
Go0012028,49.682207,-124.005217
Go0012029,49.682207,-124.005217
Go0012031,49.682207,-124.005217
Go0012032,49.682207,-124.005217
Go0012033,49.682207,-124.005217
Go0012066,40.661433,-119.36625
Go0012067,40.661433,-119.36625
Go0012069,40.661433,-119.36625
Go0012073,40.661433,-119.36625
Go0012075,49.682207,-124.005217
Go0012076,49.682207,-124.005217
Go0012077,49.682207,-124.005217
Go0012078,49.682207,-124.005217
Go0012083,44.354886,-103.763954
Go0012116,49.682207,-124.005217
Go0012117,49.682207,-124.005217
Go0012118,49.682207,-124.005217
Go0012119,49.682207,-124.005217
Go0012121,49.682207,-124.005217
Go0012122,49.682207,-124.005217
Go0012123,49.682207,-124.005217
Go0012124,49.682207,-124.005217
Go0012125,49.682207,-124.005217
Go0012157,15.55,114.49
Go0012159,44.4123,8.9264
Go0012220,50.086,14.441
Go0012238,75.006667,-169.993611
Go0012240,41.9,12.48
Go0012241,19,109.5
Go0012291,22.75,-158
Go0012349,22.75,-158
Go0012350,22.75,-158
Go0012376,37.8502,-31.5166
Go0012383,22.75,-158
Go0012384,22.75,-158
Go0012386,22.75,-158
Go0012388,-12.49,-4.99
Go0012389,22.75,-158
Go0012391,22.75,-158
Go0012397,38.356869,-121.98741
Go0012443,38.466376,21.336685
Go0012640,44.37,8.94
Go0012641,31.65,127.1
Go0012642,52.45,13.45
Go0012643,38.9,-77.03
Go0012682,47.6290127,-122.3833493
Go0012735,43.84,-69.64
Go0012737,43.84,-69.64
Go0012738,43.84,-69.64
Go0012739,43.84,-69.64
Go0012740,43.84,-69.64
Go0012741,43.84,-69.64
Go0012742,43.84,-69.64
Go0012743,43.84,-69.64
Go0012744,43.84,-69.64
Go0012763,22.75,-158
Go0012817,34.7261,-76.6477
Go0012819,43.113,-89.42
Go0012824,46.9577,-117.0263
Go0012836,43.34,-89.03
Go0012857,50.732,7.096
Go0012860,34.726186,-76.647763
Go0012862,46.01,-89.7
Go0012884,-12.49,-4.99
Go0012885,-12.49,-4.99
Go0012886,43.84,-69.64
Go0012888,43.84,-69.64
Go0012889,43.84,-69.64
Go0012890,43.84,-69.64
Go0012891,22.75,-158
Go0012892,22.75,-158
Go0012894,43.112,-89.421
Go0012896,22.75,-158
Go0012897,42.205,17.71
Go0012898,42.205,17.71
Go0012899,42.205,17.71
Go0012900,43.84,-69.64
Go0012901,42.205,17.71
Go0012902,42.205,17.71
Go0012903,43.84,-69.64
Go0012904,43.84,-69.64
Go0012905,43.84,-69.64
Go0012908,43.84,-69.64
Go0012909,43.84,-69.64
Go0012910,43.84,-69.64
Go0012911,43.84,-69.64
Go0012912,43.84,-69.64
Go0012913,22.75,-158
Go0012914,42.205,17.71
Go0012915,42.205,17.71
Go0012917,22.75,-158
Go0012918,43.84,-69.64
Go0012919,43.84,-69.64
Go0012921,43.84,-69.64
Go0012930,43.087351,-89.452107
Go0012931,34.726186,-76.647763
Go0012959,50.86529,12.18451
Go0012960,50.86529,12.18451
Go0012961,50.86529,12.18451
Go0012962,50.86529,12.18451
Go0012968,33.99,-118.18
Go0012977,29.533661,34.998221
Go0012979,24.75,121.75
Go0012980,12.0334,-4.400001
Go0012983,38.000356,-119.035349
Go0012988,43.414026,145.114059
Go0012989,33.502755,126.531744
Go0013000,64.000842,-21.199765
Go0013004,36.645,127.489
Go0013005,24.45,118.08
Go0013008,39.872,116.376
Go0013009,38.15,-109.73
Go0013014,49.79,9.95
Go0013015,37.77,-25.31
Go0013020,48.13,11.57
Go0013021,42.57,8.759
Go0013023,60.4,5.304
Go0013024,51.5,-3.23
Go0013026,37.279444,126.986111
Go0013028,46.164,-1.151
Go0013029,55.758,8.924
Go0013032,64.28,-20.36
Go0013033,44.86,3.01
Go0013034,24.864444,121.534444
Go0013035,-29.636,-54.184
Go0013036,41.36,2.19
Go0013037,35.30038,139.4999
Go0013042,49.01468,12.124944
Go0013045,40.827,14.076
Go0013052,-7.347528,72.385326
Go0013053,41.15,-8.62
Go0013063,41.809,-72.252
Go0013066,31.59,130.55
Go0013067,39.44,-0.31
Go0013068,25.767354,-171.73331
Go0013069,30.606,114.306
Go0013070,54.0427,13.416
Go0013074,42.49,3.14
Go0013077,37.244,131.859
Go0013078,21.439,92.007
Go0013081,42.2,-8.8
Go0013086,44.84,-0.57
Go0013089,35.22,26.216
Go0013090,39.92,116.4
Go0013091,48.2152,11.6316
Go0013095,36.355,127.385
Go0013096,23.48,120.44
Go0013099,43.302,5.37
Go0013101,34.202,-118.172
Go0013102,36.3563,127.3847
Go0013103,43.29,5.38
Go0013104,25.0262,121.5862
Go0013107,47.7125,16.6995
Go0013111,35.5132,134.2356
Go0013112,51.802,5.895
Go0013115,57.5412,-6.2245
Go0013120,35.183,128.107
Go0013127,37.451,126.6531
Go0013134,37.26,127.01
Go0013135,39.5366,3.3305
Go0013138,43.643,144.4392
Go0013139,36.356,127.386
Go0013141,20.94,110.33
Go0013143,30.733,76.779
Go0013144,33.51,126.52
Go0013145,35.1,129.01
Go0013146,40.6,-7.863
Go0013151,33.99,-118.18
Go0013155,51.5,-0.12
Go0013161,51.5,-3.23
Go0013162,51.5,-0.12
Go0013163,48.692,6.184
Go0013165,38.748,139.825
Go0013167,43.2915,5.4046
Go0013168,51.5,-0.12
Go0013169,51.5171,-0.1062
Go0013173,37.74,-122.46
Go0013174,-35.72,174.31
Go0013186,46.11611107,14.80808974
Go0013187,36.3571,127.384
Go0013188,24.82,120.98
Go0013193,45.5289,4.87429
Go0013197,24.47,118.17
Go0013198,13.848,100.562
Go0013200,36.4643,127.1165
Go0013204,22.63,120.27
Go0013205,16.7529,-169.5166
Go0013206,22.76,121.14
Go0013208,44.65,-63.6
Go0013211,25.76747,-171.73331
Go0013212,78.11735,12.504558
Go0013213,-68.6332,78.1
Go0013214,-35.1171,139.2757
Go0013215,59.2911,22.5402
Go0013216,59.438,21.5005
Go0013217,29.8919,-97.9326
Go0013219,32.232,78.065
Go0013220,61.1835,-48.01654
Go0013222,-62.19,-58.98
Go0013223,37.26,127.01
Go0013224,31.45429,120.03815
Go0013228,37.26,127.01
Go0013231,42.48346,3.13333
Go0013233,47.8719,20.3239
Go0013236,45.498,-73.5891
Go0013237,36.0255,129.345
Go0013239,43.07,-89.4
Go0013241,30.5783,-91.2258
Go0013244,26.1652,106.4666
Go0013247,25.0495,102.7241
Go0013248,28.8667,31.0833
Go0013253,35.9318,-84.316
Go0013255,47.9138,11.3117
Go0013256,33.51,126.52
Go0013273,41.8081,86.157
Go0013278,36.923077,130.210904
Go0013281,25.1154,121.7078
Go0013284,32.0942,118.8004
Go0013285,37.9257,139.0394
Go0013288,36.34,127.43
Go0013289,36.3599,127.3849
Go0013292,40.75,-73.98
Go0013293,34.7667,127.6631
Go0013294,35.4122,133.8622
Go0013295,40.586,-74.207
Go0013296,35.5,134.23
Go0013298,37.945013,124.612867
Go0013299,33.51,126.52
Go0013300,33.51,126.52
Go0013303,41.5263,-70.6722
Go0013304,78.2122,15.8
Go0013306,78.21,15.8
Go0013309,24.5202,117.649
Go0013329,51.542919,9.928837
Go0013337,42.5561,-84.3033
Go0013341,59.8239,17.6543
Go0013343,41.656,-0.876
Go0013348,43.296,5.369
Go0013352,38.75,-77.475
Go0013353,57.477,-4.224
Go0013359,51.06,3.09
Go0013361,35.97,140.13
Go0013363,36.65,138.19
Go0013364,59.86,17.64
Go0013366,31.59,130.56
Go0013367,44.679662,-1.123861
Go0013388,33.375839,126.531486
Go0013389,24.99,121.31
Go0013390,-74.21,164.42
Go0013393,35.9841,126.7319
Go0013394,32.850606,-117.27273
Go0013395,43.065445,131.688447
Go0013400,15.352,109.117
Go0013401,36.357993,127.385387
Go0013403,35.181666,128.107953
Go0013405,64.863178,20.386498
Go0013406,40.767542,-111.890659
Go0013407,47.215057,15.81161
Go0013408,59.337392,18.068275
Go0013409,37.666429,-32.193604
Go0013411,12.8,-103.93
Go0013413,33.755459,84.390163
Go0013414,59.862746,17.638836
Go0013415,53.983803,159.469163
Go0013416,35.53,139.71
Go0013417,36.446,127.119
Go0013419,23.219124,120.269929
Go0013420,22.68,120.48
Go0013421,22.679282,120.49304
Go0013423,22.678807,120.494585
Go0013424,36.410231,138.249779
Go0013427,29.788217,-95.37117
Go0013429,36.380385,127.364387
Go0013435,44.69,12.52
Go0013436,22.341,114.28
Go0013437,53.17,-3.831067
Go0013438,35.69,139.75
Go0013439,35.69,139.75
Go0013449,67.5,64.01
Go0013452,40.69834,-89.588757
Go0013453,43.383312,-4.115975
Go0013454,25.27,-80.32
Go0013455,37.26,127.02
Go0013459,24.82,120.98
Go0013461,31.995557,44.924412
Go0013463,36.356887,127.384701
Go0013465,46.799119,19.1821
Go0013469,51.39385,4.592228
Go0013470,35.879314,128.60281
Go0013471,52.674821,12.712698
Go0013472,40.761301,-8.568363
Go0013473,31.638183,-8.000507
Go0013485,30.46,-91.14
Go0013491,44.649151,-110.771902
Go0013496,-61.988,-58.019
Go0013497,36.02,129.37
Go0013498,36.35,127.38
Go0013499,49.951,11.57
Go0013500,36.02,129.37
Go0013501,-67.566,-68.116
Go0013506,51.758065,10.11638
Go0013507,35.18,129.07
Go0013508,37.242752,131.870364
Go0013510,34.954,127.483
Go0013524,33.51,126.52
Go0013525,37.895481,127.200344
Go0013529,43.612217,145.094604
Go0013530,43.37,5.38
Go0013531,43.430983,145.123444
Go0013534,53.550099,-113.49781
Go0013536,42.483484,3.133376
Go0013537,48.407326,11.741581
Go0013538,38.574743,-109.549413
Go0013543,39.927642,116.412277
Go0013557,30.46,-91.14
Go0013560,33.2136,126.5205
Go0013562,53.469044,8.20467
Go0013566,-38.12,176.24
Go0013567,10.35,-85.06
Go0013568,10.02,76.3
Go0013578,39.49,-0.4
Go0013584,42.26,-70.87
Go0013585,48.87,2.33
Go0013586,32.93,-80.008
Go0013587,36.07,120.38
Go0013602,54.326936,10.122128
Go0013603,41.878636,-87.669551
Go0013604,34.082237,-118.237839
Go0013612,36.022863,129.342699
Go0013623,36.022863,129.342699
Go0013642,34.747678,10.760736
Go0013647,64.95,-147.61
Go0013652,36.125,128.346
Go0013654,42.663168,89.27025
Go0013655,36.598498,130.192232
Go0013657,22.31,114.12
Go0013658,1.29,103.86
Go0013660,37.592194,126.456806
Go0013661,35.79,139.56
Go0013662,42.49,3.14
Go0013663,24.13,124.186667
Go0013664,37.134,-4.729
Go0013681,35.541725,139.702034
Go0013682,24.4527,118.3576
Go0013683,-34.872412,-56.182137
Go0013689,40.416,-3.7
Go0013691,36.415,129.365
Go0013692,48.004625,7.843151
Go0013695,50.587,8.69
Go0013696,43.29,5.38
Go0013697,40.4168,-3.7038
Go0013699,48.58,7.74
Go0013700,40.724885,-74.006767
Go0013701,38.197,-0.555
Go0013702,45.05,82.977
Go0013703,20.9,110.59
Go0013705,33.511,130.9199
Go0013707,42.49,3.14
Go0013709,40.7,-89.589
Go0013710,33.564,126.761
Go0013711,41.15,-8.62
Go0013712,45.434388,12.338455
Go0013714,36.4828,127.4804
Go0013716,52.6208,1.2353
Go0013740,54.209,9.588
Go0013742,35.1,129.01
Go0013745,78.91,11.93
Go0013746,51.4549,10.05317
Go0013750,23.75298511,120.9498753
Go0013753,35.419272,133.864174
Go0013754,40.600366,-7.863815
Go0013756,50.930089,11.590519
Go0013760,50.741018,7.098484
Go0013765,36.449,127.119
Go0013766,38.23,128.09
Go0013768,54.33,10.13
Go0013770,34.878498,127.667415
Go0013771,41.858,12.51
Go0013773,36.78,-2.24
Go0013776,39.71,140.09
Go0013779,45.813,126.536
Go0013782,38.2860765,-122.3599986
Go0013806,36.675131,24.516138
Go0013808,43.389643,4.987657
Go0013812,45.44,12.31
Go0013815,53.83504,8.180718
Go0013816,45.442549,12.315316
Go0013819,38.545,139.506
Go0013820,36.63619,16.651541
Go0013821,51.52,9.92
Go0013822,48.87,2.33
Go0013825,45.442127,12.315402
Go0013827,30.67,-87.27
Go0013833,36.829,127.114
Go0013836,22.3,114.19
Go0013838,57.17,-2.08
Go0013840,51.51,-0.12
Go0013841,31.44395984,34.99603399
Go0013842,42.098,-79.235
Go0013844,49.227,16.604
Go0013848,52.191,-1.708
Go0013860,43.61,3.87
Go0013862,34.970375,134.082413
Go0013867,-36.758106,144.283912
Go0013882,5.4369,-73.61
Go0013883,-1.933227,36.252022
Go0013886,38.545,139.506
Go0013890,53.153308,13.023505
Go0013893,55.7572,37.621
Go0013903,60.39,5.32
Go0013907,32.726,35.128
Go0013908,43.483,-1.558
Go0013909,6.44,3.39
Go0013910,53.27,-9.056
Go0013911,22.3,114.19
Go0013913,35.699,139.636
Go0013917,13.334,74.745
Go0013918,35.182,128.107
Go0013920,45.437,12.332
Go0013923,21.149383,117.371582
Go0013924,48.4526,-4.2488
Go0013925,56.033691,14.156857
Go0013926,50.820035,-0.37322
Go0013929,34.8743,138.3243
Go0013931,22.023,100.798
Go0013933,55.957849,-3.187466
Go0013935,44.028865,-92.468548
Go0013936,44.028865,-92.468548
Go0013937,47.373942,8.53941
Go0013938,59.861885,17.638493
Go0013939,52.708739,-2.75279
Go0013940,18.79,98.66
Go0013941,45.73,8.98
Go0013942,22.008,100.797
Go0013944,34.889042,127.663804
Go0013956,53.444976,6.515665
Go0013957,32.12329,20.068188
Go0013958,70.2761,-148.3378
Go0013961,4.640761,-74.058552
Go0013963,37.278,9.8736
Go0013964,53.153565,13.02299
Go0013966,51.783984,0.665817
Go0013968,78.26039,17.19722
Go0013969,43.459648,5.106182
Go0013971,29.422946,34.829983
Go0013972,-20.00005,-115.000054
Go0013973,47.658913,-116.767044
Go0013974,45.441947,12.315745
Go0013976,53.152999,13.023591
Go0013978,36.216822,-33.89998
Go0013980,34.795183,126.345355
Go0013981,32.1574,-82.9071
Go0013985,37.485,126.516
Go0013988,-50.66656,68.416659
Go0013990,-13.75459565,-172.1612493
Go0013993,34.367,139.266
Go0013996,39.535816,3.330351
Go0013998,26.8,100.27
Go0014000,37.592194,126.456806
Go0014003,-15.082732,-147.490826
Go0014005,32.584139,77.000034
Go0014006,41.861251,12.505159
Go0014007,37.546211,-4.317141
Go0014008,54.37,10.16
Go0014009,29.552031,-95.092092
Go0014010,35.207656,139.317928
Go0014012,37.598728,126.455669
Go0014013,38.479902,128.44039
Go0014016,23,120.2
Go0014017,22.992847,120.160503
Go0014018,35.172124,138.678246
Go0014020,-74.4,164.7
Go0014027,48.87,2.33
Go0014028,35.69,139.75
Go0014030,29.42,34.829
Go0014031,51.237739,5.588422
Go0014033,48.87,2.33
Go0014034,32.645446,-117.084789
Go0014037,10.413872,107.13624
Go0014038,56.973427,9.26342
Go0014044,12.49,-103.56
Go0014047,35.69,139.75
Go0014048,51.06,3.73
Go0014139,7.369722,12.354722
Go0014145,40.761,-8.06
Go0014147,53.37,-1.5
Go0014179,38.21,128.19
Go0014181,52.52,13.4
Go0014182,43.61,3.87
Go0014183,39.16,-84.46
Go0014190,25.13,121.73
Go0014193,22.83021,118.088829
Go0014195,41.52342,-70.672863
Go0014201,31.9668,131.4399
Go0014203,37.263,127.028
Go0014287,42.107,-75.9691
Go0014351,40.586,-74.207
Go0014372,51.455718,-2.588654
Go0014527,55.14,61.4
Go0014635,-31.398,-64.182
Go0014689,25.366365,-90.16533
Go0014850,30.403,30.304
Go0014855,-36.83,-73.05
Go0014857,53.480731,8.202859
Go0014858,53.31,5.424
Go0014894,-37.787,175.279
Go0014903,18.17,-41.04
Go0014949,44.601468,-110.546837
Go0014950,44.601468,-110.546837
Go0014951,44.601468,-110.546837
Go0014952,44.601468,-110.546837
Go0014953,44.601468,-110.546837
Go0014954,44.601468,-110.546837
Go0014998,25.256246,-90.20592
Go0014999,25.256246,-90.20592
Go0015070,4.598,-74.075
Go0015082,44.543652,-110.79792
Go0015085,40.735,14.275
Go0015133,31.44395984,34.99603399
Go0015135,18.17,-41.04
Go0015136,18.17,-41.04
Go0015137,18.17,-41.04
Go0015244,43.7934,87.6271
Go0015269,27.06524,127.952772
Go0015272,18.17,-41.04
Go0015273,18.17,-41.04
Go0015320,33.99,-118.18
Go0015336,40.735,13.948
Go0015337,40.735,13.948
Go0015338,14.2359,121.166
Go0015339,14.2359,121.166
Go0015347,47.6290127,-122.3833493
Go0015572,18.17,-41.04
Go0015581,44.0081076,-73.17823
Go0015624,18.17,-41.04
Go0015625,18.17,-41.04
Go0015626,18.17,-41.04
Go0015628,32.801835,-79.87545
Go0015632,42.404699,-72.308526
Go0015633,42.404699,-72.308526
Go0015634,42.404699,-72.308526
Go0015635,42.404699,-72.308526
Go0015636,42.404699,-72.308526
Go0015637,42.404699,-72.308526
Go0015638,42.404699,-72.308526
Go0015639,42.404699,-72.308526
Go0015640,42.404699,-72.308526
Go0015641,42.404699,-72.308526
Go0015680,14.2359,121.166
Go0015736,47.634583,-122.26655
Go0015744,44.6264,-85.6091
Go0015745,44.6264,-85.6091
Go0015746,44.6264,-85.6091
Go0015747,44.6264,-85.6091
Go0015748,44.6264,-85.6091
Go0015749,44.6264,-85.6091
Go0015750,44.6264,-85.6091
Go0015751,44.6264,-85.6091
Go0015752,44.6264,-85.6091
Go0015794,18.17,-41.04
Go0015795,18.17,-41.04
Go0015797,31.892,34.811
Go0015799,44.6264,-85.6091
Go0015800,44.6264,-85.6091
Go0015806,18.17,-41.04
Go0015807,18.17,-41.04
Go0015809,4.631,-74.059
Go0015851,-27.566,-70.05
Go0015855,37.2920667,32.2751417
Go0015860,47.609,-122.259
Go0015877,56.037,9.929
Go0015880,45.434,12.338
Go0015884,44.676668,-1.114599
Go0015885,57.725,10.597
Go0015912,18.26858,-65.760022
Go0015920,48.54,-123.02
Go0015938,-29.840644,-136.464851
Go0015941,22.041,87.183
Go0015976,67.096,-18.711
Go0016045,65.01667,35.73333
Go0016115,47.634583,-122.26655
Go0016165,47.609,-122.259
Go0016166,54.5116659,159.9154188
Go0016181,36.44356,-117.951479
Go0016927,48.747361,6.349354
Go0016967,77.331809,-77.094728
Go0017023,32.1,-64.2999
Go0017174,45.08,13.64
Go0017175,45.08,13.64
Go0017373,7.732765,-5.396118
Go0017774,76.760541,-73.13965
Go0017855,13.7167,-16.4167
Go0017907,59.9775,21.9808333
Go0018218,-5.4120477,154.5817119
Go0018496,40.661433,-119.36625
Go0018499,44.354886,-103.763954
Go0018505,40.661433,-119.36625
Go0018518,25.671667,-100.341667
Go0018526,44.354886,-103.763954
Go0018527,40.661433,-119.36625
Go0018553,44.354886,-103.763954
Go0018561,40.661433,-119.36625
Go0018573,49.26,-123.12
Go0018579,25.671667,-100.341667
Go0018598,40.661433,-119.36625
Go0018600,42.738,-84.554
Go0018602,38.483206,21.321511
Go0018610,25.671667,-100.341667
Go0018612,38.483206,21.321511
Go0018613,38.483206,21.321511
Go0018614,40.661433,-119.36625
Go0018623,49.682207,-124.005217
Go0018638,40.661433,-119.36625
Go0018639,25.671667,-100.341667
Go0018641,44.354886,-103.763954
Go0018657,9.8367,-104.2917
Go0018663,3.82779484,73.30225817
Go0018680,25.671667,-100.341667
Go0018695,44.354886,-103.763954
Go0018698,49.682207,-124.005217
Go0018702,49.682207,-124.005217
Go0018704,2.459444,121.304444
Go0018705,38.483206,21.321511
Go0018709,31.59,130.56
Go0018712,38.483206,21.321511
Go0018762,40.661433,-119.36625
Go0018769,44.354886,-103.763954
Go0018798,38.483206,21.321511
Go0018803,49.682207,-124.005217
Go0018806,44.354886,-103.763954
Go0018817,44.354886,-103.763954
Go0018820,-2.14882,-117.230383
Go0018833,31.470026,130.565367
Go0018835,40.661433,-119.36625
Go0018838,9.8367,-104.2917
Go0018860,40.661433,-119.36625
Go0018881,9.8367,-104.2917
Go0018913,40.661433,-119.36625
Go0018921,38.483206,21.321511
Go0018937,44.354886,-103.763954
Go0018941,25.671667,-100.341667
Go0018974,35.47,133.07
Go0018987,38.483206,21.321511
Go0019013,49.682207,-124.005217
Go0019024,38.483206,21.321511
Go0019039,44.354886,-103.763954
Go0019043,49.682207,-124.005217
Go0019051,44.354886,-103.763954
Go0019052,40.661433,-119.36625
Go0019067,9.8367,-104.2917
Go0019076,25.671667,-100.341667
Go0019094,41.878636,-87.669551
Go0019100,49.682207,-124.005217
Go0019110,40.661433,-119.36625
Go0019116,40.661433,-119.36625
Go0019122,25.671667,-100.341667
Go0019197,36,-79
Go0019300,36,-79
Go0019666,30.1356,114.9851
Go0020473,41.3025,-77.1743
Go0020535,43.449776,-80.489086
Go0021669,30.25,120.17
Go0021953,50.65,3.08
Go0021955,25.04,121.57
Go0022468,48.084138,114.4979665
Go0024952,8.2,-133
Go0025513,50.362,-4.17
Go0025835,51.452,-0.973
Go0025904,-1.9446,36.2522
Go0026133,37.26,127.01
Go0026185,52.58,78.95
Go0026199,56.86,35.89
Go0026323,54.5,159.96
Go0026454,9.92,78.12
Go0026488,71.0317603,-8.292371
Go0026509,36.02,129.37
Go0026560,42.9236496,131.7260465
Go0026601,25.03,98.47
Go0026746,60.18,24.93
Go0026877,46,-130
Go0026898,31.59,130.56
Go0027051,-25.71,28.23
Go0027058,36.83868,98.4545294
Go0027198,1.29,103.86
Go0027519,33.96,-83.38
Go0027674,52.63,1.3
Go0027846,0.2374349,36.0935815
Go0027966,13.17,32.66
Go0028180,-41.47,-72.93
Go0028848,4.3877192,-74.3474607
Go0029018,-27.46,153.04
Go0029085,5.28,-4.391854
Go0029201,45.44,12.33
Go0029606,-34.93,138.6
Go0029608,37.5833,101.817
Go0030071,23.75298511,120.9498753
Go0030151,53.55,10
Go0030202,33.51,126.52
Go0030203,33.51,126.52
Go0030267,48.78,9.2
Go0030280,25.03,98.47
Go0030333,32.4,119.43
Go0030341,52.47,-1.92
Go0030344,52.52,13.4
Go0030350,32.03,120.83
Go0030370,51.03,3.7
Go0030388,33.51,126.52
Go0030409,43.38,-4.12
Go0030414,37.74,140.47
Go0030442,41.15,-8.62
Go0030448,25.07,102.68
Go0030483,35.1,129.01
Go0030518,-39.85,-72.83
Go0030562,33.51,126.52
Go0030589,24.15,120.68
Go0030885,36.34,127.43
Go0030893,23.75298511,120.9498753
Go0030937,30.58,114.27
Go0030939,33.51,126.52
Go0030982,33.51,126.52
Go0030987,37.26,127.01
Go0030996,52.06,113.47
Go0031062,33.51,126.52
Go0031064,42.49,3.14
Go0031071,33.51,126.52
Go0031084,41.9,12.48
Go0031122,37.48,126.64
Go0031135,33.51,126.52
Go0031139,34.65,50.95
Go0031145,23.75298511,120.9498753
Go0031311,41.15,-8.62
Go0031345,56.49,84.98
Go0031347,57.62,39.87
Go0031460,33.51,126.52
Go0031474,47.5,19.08
Go0031483,33.51,126.52
Go0031506,31.59,130.56
Go0031510,25.07,102.68
Go0031558,17.4,78.48
Go0031572,33.51,126.52
Go0031589,36.14,-97.07
Go0031620,-34.93,138.6
Go0031622,43.4467,91.4869
Go0031650,41.1621217,-8.6919936
Go0031655,37.85,27.85
Go0031739,-33.92,18.43
Go0031781,9.08,7.53
Go0031788,51.92,4.48
Go0031816,-62.6,-60.471161
Go0031818,-62.6,-60.471161
Go0031871,38.44,27.15
Go0031908,34.81,126.4
Go0031913,52.52,13.4
Go0031955,23.75298511,120.9498753
Go0032027,36.09,120.33
Go0032038,44.6633,-110.4927
Go0032281,38.77602,-75.155351
Go0032356,34.691733,135.519726
Go0032494,48.2,16.37
Go0032579,40.1139,-88.227
Go0032854,39.93,32.86
Go0033257,-77.863,160.725
Go0033619,40.672222,-122.527778
Go0033786,-77.866667,160.666667
Go0033965,43.449776,-80.489086
Go0034058,-36.752914,144.28545
Go0034091,-36.758106,144.283912
Go0034117,-68.45,78.266667
Go0035083,44.6100594,-110.4388217
Go0035470,52.083333,5.75
Go0035727,36.455556,-116.866667
Go0036531,53.2216845,6.2855405
Go0036737,51.053,3.73
Go0036738,51.06,3.73
Go0036826,-36.758072,144.283741
Go0039287,44.5386,-110.7979
Go0039323,37.87,-122.27
Go0039349,44.5386,-110.7979
Go0039378,44.5386,-110.7979
Go0039379,44.5386,-110.7979
Go0039844,40.1139,-88.227
Go0040000,34.07,134.55
Go0040002,35.2,26.1
Go0040046,34.117,139.508
Go0040387,37.7,121.7999
Go0040388,37.7,121.7999
Go0040390,37.7,121.7999
Go0040391,37.7,121.7999
Go0040392,37.7,121.7999
Go0040393,37.7,121.7999
Go0040416,37.7,121.7999
Go0040417,37.7,121.7999
Go0040419,37.7,121.7999
Go0040420,37.7,121.7999
Go0040421,37.7,121.7999
Go0040422,37.7,121.7999
Go0040423,37.7,121.7999
Go0040424,37.7,121.7999
Go0040452,5.69,-6.9416331
Go0040455,47.2847456,-101.9330998
Go0040495,54.182915,7.897038
Go0040504,43.371491,-8.39597
Go0040540,36.1914,27.969
Go0040541,35.342,25.138
Go0040542,35.342,25.138
Go0040543,35.366,24.478
Go0040546,38.1067,-121.6464
Go0040571,38.1067,-121.6464
Go0040572,38.1067,-121.6464
Go0040573,38.1067,-121.6464
Go0040574,38.1067,-121.6464
Go0040575,38.1067,-121.6464
Go0040576,38.1067,-121.6464
Go0040583,39.93,116.39
Go0042610,-77.6,162.1
Go0042612,34.9967627,124.9783784
Go0042613,43.417138,140.3330317
Go0042614,68.316667,154.966667
Go0042615,69.166667,158.066667
Go0042616,52.1720903,10.3982508
Go0042640,70.1,154.066667
Go0042641,70.1,154.066667
Go0042647,3.8765,-51.07167
Go0042677,72.579583,-38.459186
Go0042678,44.96942,-110.7098
Go0043636,42.616667,115.466667
Go0044112,47.1625,19.5033
Go0044170,-33.850798,151.265985
Go0044283,55.75,37.62
Go0044419,1.9645,-157.334
Go0045214,54.1841,7.9
Go0045217,54.1841,7.9
Go0045633,54.1841,7.9
Go0045634,54.1841,7.9
Go0045635,54.1841,7.9
Go0045636,55.0255,8.4567
Go0045637,54.1841,7.9
Go0045638,54.1841,7.9
Go0046557,46.866667,19.4
Go0046570,46.866667,19.4
Go0046721,47.631156,-122.254601
Go0046781,47.631156,-122.254601
Go0046782,47.631156,-122.254601
Go0046783,47.631156,-122.254601
Go0046967,34.201,-118.598
Go0046983,49.2576508,-123.2639868
Go0046988,37.06,-116.02
Go0047111,38.5399,121.73
Go0047351,56.043664,9.933586
Go0047415,9.5967,123.7498
Go0047554,57.318,20.0511
Go0047555,57.318,20.0511
Go0047556,57.318,20.0511
Go0047557,57.318,20.0511
Go0047558,57.318,20.0511
Go0047559,57.318,20.0511
Go0047560,57.318,20.0511
Go0047695,57.318,20.0511
Go0047696,57.318,20.0511
Go0047697,57.318,20.0511
Go0047698,57.318,20.0511
Go0047739,57.318,20.0511
Go0047740,57.318,20.0511
Go0047741,57.318,20.0511
Go0047742,57.318,20.0511
Go0047743,57.318,20.0511
Go0047744,57.318,20.0511
Go0047745,57.318,20.0511
Go0047746,57.318,20.0511
Go0047747,57.318,20.0511
Go0048024,57.318,20.0511
Go0048027,57.318,20.0511
Go0048028,57.318,20.0511
Go0048029,57.318,20.0511
Go0048030,57.318,20.0511
Go0048031,57.318,20.0511
Go0048070,57.318,20.0511
Go0048071,57.318,20.0511
Go0048072,57.318,20.0511
Go0048073,57.318,20.0511
Go0048074,57.318,20.0511
Go0048075,57.318,20.0511
Go0048076,57.318,20.0511
Go0048077,57.318,20.0511
Go0048078,57.318,20.0511
Go0048079,57.318,20.0511
Go0048120,57.318,20.0511
Go0048121,57.318,20.0511
Go0048122,57.318,20.0511
Go0048123,57.318,20.0511
Go0048124,57.318,20.0511
Go0048125,57.318,20.0511
Go0048126,57.318,20.0511
Go0048127,57.318,20.0511
Go0048128,57.318,20.0511
Go0048129,57.318,20.0511
Go0050503,57.318,20.0511
Go0050689,57.318,20.0511
Go0050690,57.318,20.0511
Go0050691,57.318,20.0511
Go0050710,57.318,20.0511
Go0050711,57.318,20.0511
Go0050746,57.318,20.0511
Go0050747,57.318,20.0511
Go0050748,57.318,20.0511
Go0050749,57.318,20.0511
Go0050820,54.657328,-1.929059
Go0050826,57.318,20.0511
Go0050841,57.318,20.0511
Go0050842,57.318,20.0511
Go0050852,26.250389,99.989528
Go0050855,23,-44
Go0050866,57.318,20.0511
Go0050867,57.318,20.0511
Go0050868,57.318,20.0511
Go0050869,57.318,20.0511
Go0050870,57.318,20.0511
Go0050871,57.318,20.0511
Go0050872,57.318,20.0511
Go0061497,50,-145
Go0061498,50,-145
Go0061499,50,-145
Go0061500,50,-145
Go0061503,50,-145
Go0061504,50,-145
Go0061505,50,-145
Go0061506,50,-145
Go0061507,50,-145
Go0061508,50,-145
Go0061509,50,-145
Go0061510,50,-145
Go0061512,50,-145
Go0061513,50,-145
Go0061514,50,-145
Go0061515,50,-145
Go0061516,50,-145
Go0061517,50,-145
Go0061518,50,-145
Go0061519,50,-145
Go0061520,50,-145
Go0061521,50,-145
Go0061525,50,-145
Go0061527,50,-145
Go0061529,50,-145
Go0061530,50,-145
Go0061531,50,-145
Go0061534,50,-145
Go0061535,50,-145
Go0061536,50,-145
Go0061537,50,-145
Go0061539,50,-145
Go0061540,50,-145
Go0061541,50,-145
Go0061542,50,-145
Go0061543,50,-145
Go0061544,50,-145
Go0061545,50,-145
Go0061546,50,-145
Go0061547,50,-145
Go0061549,50,-145
Go0061550,50,-145
Go0061551,50,-145
Go0061552,50,-145
Go0061554,50,-145
Go0061555,50,-145
Go0061556,50,-145
Go0061557,50,-145
Go0061558,50,-145
Go0061559,50,-145
Go0061561,50,-145
Go0061562,50,-145
Go0061563,50,-145
Go0061564,50,-145
Go0061566,50,-145
Go0061567,50,-145
Go0061568,50,-145
Go0061570,50,-145
Go0061571,50,-145
Go0061572,50,-145
Go0061573,50,-145
Go0061574,50,-145
Go0061575,50,-145
Go0061576,50,-145
Go0061577,50,-145
Go0061579,50,-145
Go0061581,50,-145
Go0061582,50,-145
Go0061583,50,-145
Go0061584,50,-145
Go0061585,50,-145
Go0061587,50,-145
Go0061588,50,-145
Go0072556,43.07,-89.4
Go0072557,43.07,-89.4
Go0072794,45.5099,13.56
Go0072795,45.5099,13.56
Go0072796,45.5099,13.56
Go0072849,79.99472,-85.81333
Go0082501,36.022724,129.344416
Go0087929,50.1319,11.881
Go0087930,50.1319,11.881
Go0087931,50.1319,11.881
Go0087932,50.1319,11.881
Go0087948,-66.4022,14.4181
Go0087955,39.6774502,-75.7808577
Go0087969,51.406971,-0.9571781
Go0088013,50.1319,11.881
Go0088022,50.1319,11.881
Go0088043,26.182,-44.844
Go0088098,36.565,139.883
Go0088907,40.616899,-80.251895
Go0088924,44.972612,-93.233264
Go0092283,18.9208,-104.8919
Go0092284,18.9208,-104.8919
Go0092285,18.9208,-104.8919
Go0092286,18.9208,-104.8919
Go0092287,18.9208,-104.8919
Go0092288,18.9208,-104.8919
Go0092289,18.9208,-104.8919
Go0092290,18.9208,-104.8919
Go0092291,18.9208,-104.8919
Go0092292,18.9208,-104.8919
Go0092293,18.9208,-104.8919
Go0092294,18.9208,-104.8919
Go0092295,18.9208,-104.8919
Go0092297,18.9208,-104.8919
Go0092298,18.9208,-104.8919
Go0092299,18.9208,-104.8919
Go0092300,18.9208,-104.8919
Go0092302,18.9208,-104.8919
Go0092303,18.9208,-104.8919
Go0092304,18.9208,-104.8919
Go0092305,18.9208,-104.8919
Go0092306,18.9208,-104.8919
Go0092307,18.9208,-104.8919
Go0092308,18.9208,-104.8919
Go0092309,18.9208,-104.8919
Go0092311,18.9208,-104.8919
Go0092312,18.9208,-104.8919
Go0092313,18.9208,-104.8919
Go0092314,18.9208,-104.8919
Go0092315,18.9208,-104.8919
Go0092317,18.9208,-104.8919
Go0092318,18.9208,-104.8919
Go0092319,18.9208,-104.8919
Go0092320,18.9208,-104.8919
Go0092324,18.9208,-104.8919
Go0092326,18.9208,-104.8919
Go0092327,18.9208,-104.8919
Go0092328,18.9208,-104.8919
Go0092329,18.9208,-104.8919
Go0092330,18.9208,-104.8919
Go0092332,26.1639,-92.1875
Go0092333,26.1639,-92.1875
Go0092334,26.1639,-92.1875
Go0092335,26.1639,-92.1875
Go0092336,26.1639,-92.1875
Go0092337,26.1639,-92.1875
Go0092338,26.0025,-92.5364
Go0092339,26.0025,-92.5364
Go0092340,26.0025,-92.5364
Go0092341,26.0025,-92.5364
Go0092342,26.0025,-92.5364
Go0092343,26.0025,-92.5364
Go0092344,26.0025,-92.5364
Go0092345,26.0025,-92.5364
Go0092346,26.0025,-92.5364
Go0092347,26.0025,-92.5364
Go0092348,26.0025,-92.5364
Go0092349,26.0025,-92.5364
Go0092350,26.0025,-92.5364
Go0092351,26.0025,-92.5364
Go0092352,26.0025,-92.5364
Go0092353,26.0025,-92.5364
Go0092354,26.0025,-92.5364
Go0092366,18.9208,-104.8919
Go0093884,55.0255,8.4567
Go0093886,15.488091,114.404752
Go0093887,15.488091,114.404752
Go0093892,54.1841,7.9
Go0093898,30.1171738,120.1193468
Go0093901,31.236229,119.6862851
Go0093902,40.3321889,115.5741967
Go0093903,43.117135,86.839263
Go0093906,47.634583,-122.26655
Go0093907,43.117135,86.837069
Go0093909,32.921033,116.9196499
Go0093911,47.634583,-122.26655
Go0093912,31.2371391,119.9658679
Go0093913,54.1841,7.9
Go0093914,40.2036341,117.0281501
Go0093915,31.9306979,120.1016132
Go0093916,55.0255,8.4567
Go0093917,55.0255,8.4567
Go0093920,37.2887591,103.7297558
Go0093921,41.017467,107.554198
Go0093924,47.634583,-122.26655
Go0093925,47.634583,-122.26655
Go0093926,47.634583,-122.26655
Go0093927,47.634583,-122.26655
Go0093932,55.0255,8.4567
Go0093933,31.452972,120.038
Go0093936,54.1841,7.9
Go0093937,54.1841,7.9
Go0093941,34.907365,78.5521819
Go0093942,47.634583,-122.26655
Go0093944,54.1841,7.9
Go0093949,54.1841,7.9
Go0093953,42.6215932,113.2427882
Go0093955,42.6215932,113.2427882
Go0093964,55.0255,8.4567
Go0094420,52.628431,5.78692
Go0095048,46.92,7.47
Go0095053,49.691733,-112.846752
Go0095830,48.743,6.347
Go0095831,48.743,6.347
Go0095832,48.743,6.347
Go0095833,48.743,6.347
Go0095834,48.743,6.347
Go0095835,48.743,6.347
Go0095836,48.743,6.347
Go0095837,48.743,6.347
Go0095838,48.743,6.347
Go0095839,48.743,6.347
Go0095840,48.743,6.347
Go0095841,48.743,6.347
Go0095842,48.743,6.347
Go0095843,48.743,6.347
Go0095844,48.743,6.347
Go0095845,48.743,6.347
Go0095846,48.743,6.347
Go0095847,48.743,6.347
Go0095848,48.743,6.347
Go0095849,48.743,6.347
Go0095850,48.743,6.347
Go0095851,48.743,6.347
Go0095852,48.743,6.347
Go0095853,48.743,6.347
Go0095854,48.743,6.347
Go0095855,48.743,6.347
Go0095858,47.088,5.165
Go0095859,50.61,3.209
Go0095860,49.215,5.636
Go0095861,49.215,5.636
Go0095862,50.795,3.946
Go0095863,50.795,3.946
Go0095864,50.795,3.946
Go0095865,50.795,3.946
Go0095866,50.795,3.946
Go0095867,50.795,3.946
Go0095868,50.795,3.946
Go0095869,50.357,2.098
Go0095876,46.38,100.94
Go0095877,43,86
Go0095878,36.76,97.24
Go0095879,37.47,88.16
Go0095893,34.4441,-101.0751
Go0095894,34.4378,-101.0561
Go0095895,30.0163,-99.7313
Go0095896,34.9475,-101.689
Go0095897,34.9475,-101.6889
Go0095898,34.9395,-101.6527
Go0095899,30.4505,-97.6385
Go0095900,26.0173,-97.2735
Go0095901,31.5616,-98.5992
Go0095902,50.472,3.395
Go0095903,43.704,5.657
Go0095904,43.704,5.657
Go0095905,49.751,3.365
Go0095906,49.751,3.365
Go0095907,49.751,3.365
Go0095908,49.751,3.365
Go0095909,49.751,3.365
Go0095910,49.751,3.365
Go0095911,49.751,3.365
Go0095912,49.751,3.365
Go0095913,49.751,3.365
Go0095914,49.751,3.365
Go0095915,48.149,5.204
Go0095916,48.149,5.204
Go0095917,50.384,3.589
Go0095918,47.904,1.907
Go0095919,44.51,6.35
Go0095920,44.51,6.35
Go0095921,44.51,6.35
Go0095922,44.51,6.35
Go0095923,44.51,6.35
Go0095924,44.51,6.35
Go0095925,44.51,6.35
Go0095926,44.51,6.35
Go0095927,44.51,6.35
Go0095928,44.51,6.35
Go0095929,44.51,6.35
Go0095930,44.51,6.35
Go0095931,44.51,6.35
Go0095932,44.51,6.35
Go0095933,44.51,6.35
Go0095934,44.51,6.35
Go0095935,44.51,6.35
Go0095936,44.51,6.35
Go0095937,44.51,6.35
Go0095938,44.51,6.35
Go0095939,44.51,6.35
Go0095940,44.51,6.35
Go0095941,49.652,3.427
Go0095942,50.349,1.85
Go0095943,50.349,1.85
Go0096914,36.81,-121.79
Go0096915,36.81,-121.79
Go0099393,54.1841,7.9
Go0099394,47.396235,-119.495958
Go0099408,54.1841,7.9
Go0099410,54.1841,7.9
Go0099415,54.1841,7.9
Go0099420,55.0255,8.4567
Go0099421,55.0255,8.4563
Go0099428,55.0255,8.4563
Go0099429,55.0255,8.4563
Go0099430,55.0255,8.4563
Go0099431,55.0255,8.4567
Go0099444,34.6,135.2
Go0099446,36.12,-97.03
Go0099447,-70.73,11.76
Go0099448,39.03,-76.91
Go0099454,69.06667,20.6666
Go0099455,26.346,127.79
Go0099457,47.7251,-122.468
Go0099459,52.28,-1.58
Go0102001,50.814788,8.769239
Go0102823,40.1891312,-109.3126257
Go0102824,0.267962,36.100187
Go0102829,40.31,-7.8
Go0102831,78.25267,17.08277
Go0102832,78.24249,15.6203
Go0102833,39.250301,29.23135
Go0102836,36.8074,128.6244
Go0102841,51.335,94.523
Go0102842,37.998,-119.034
Go0102843,41.15,-8.62
Go0102844,40.661889,-119.352837
Go0102845,35.1,129.01
Go0102847,50.640752,105.745354
Go0102848,50.633,105.742
Go0102855,35.484,139.576
Go0102859,43.3399,-89.0151
Go0102860,-24.317,145.485535
Go0102861,39.93,116.39
Go0102864,53.219462,6.563255
Go0102865,48.87,2.33
Go0102869,37.298168,-113.026298
Go0102891,-38.16415,176.243954
Go0102895,12.7120935,-16.2298886
Go0102898,36.09,140.33
Go0102902,-29.267083,-177.928662
Go0102903,-35.406331,173.849562
Go0103588,37.7411,-25.6756
Go0103595,47.43,-119.5
Go0103624,22.57,88.36
Go0103625,57.48426,10.623569
Go0103626,33.51,126.52
Go0103628,35.784399,140.317326
Go0103631,32.0103114,35.296976
Go0103634,31.895,34.808
Go0103635,1.299343,103.76016
Go0103636,46.53593,11.39123
Go0103640,33.51,126.52
Go0103646,37.7411,-25.6756
Go0103647,32.02,-111.36
Go0103650,55.75,37.62
Go0103653,50.735,7.098
Go0103662,35.19,128.11
Go0103665,48.8445,-3.1331
Go0103666,50.2463,-3.86
Go0103667,37.81,-25.53
Go0103672,30.25,120.15
Go0103675,36.75,127.45
Go0103676,54.75,6.8
Go0103677,42.663831,89.270464
Go0103679,42.663831,89.270464
Go0103681,42.663831,89.270464
Go0103682,53.6259,109.648
Go0103690,51.493087,11.950229
Go0103699,23.75298511,120.9498753
Go0104593,36.7065,-98.2699
Go0104601,36.751,-98.1621
Go0104606,36.8102,-97.527
Go0104609,36.8102,-97.527
Go0104610,36.7364,-96.1869
Go0104611,36.8102,-97.527
Go0104615,36.742,-96.3638
Go0104616,37.6191,175.0233
Go0104623,36.8121,-97.3042
Go0104625,36.811,-97.4538
Go0104626,36.7518,-98.1285
Go0104627,36.7096,-98.2695
Go0104628,36.8105,-98.0829
Go0104629,36.7421,-96.3639
Go0104630,36.8114,-98.0218
Go0104631,36.7625,-96.1747
Go0104632,36.7625,-96.1747
Go0104634,36.7369,96.1864
Go0104641,36.8123,-97.3041
Go0104642,36.8123,-97.3041
Go0104643,36.7095,-98.2696
Go0104644,36.7095,-98.2696
Go0104645,36.7095,-98.2696
Go0104646,36.7518,-98.129
Go0104647,36.6441,-96.3972
Go0104648,36.6442,-96.3964
Go0104649,36.6442,-96.3964
Go0104650,36.6442,-96.3964
Go0104651,36.6442,-96.3964
Go0104652,36.7528,-96.363
Go0104653,36.7528,-96.363
Go0104654,36.8134,-96.4397
Go0104655,36.8134,-96.4397
Go0104656,36.6844,-98.2026
Go0104657,36.811,-97.4538
Go0104658,36.8108,-96.4338
Go0104659,36.8108,-96.4338
Go0104660,36.8102,-97.527
Go0104661,36.7503,-98.1618
Go0104662,36.7503,-98.1618
Go0104663,36.8101,-98.0833
Go0104664,36.8128,-97.6782
Go0104665,36.8128,-97.6782
Go0104666,36.8108,-96.4338
Go0104667,36.7689,-96.3904
Go0104668,36.7689,-96.3904
Go0104669,36.7069,-98.2694
Go0104670,36.8107,-96.434
Go0104671,36.7503,-98.1618
Go0104672,36.742,-96.3638
Go0104673,36.811,-97.4538
Go0104676,36.7503,-98.1618
Go0104736,36.7518,-98.129
Go0104737,36.706,-98.2688
Go0104751,36.7421,-96.3639
Go0104752,36.811,-97.4538
Go0104753,36.7518,-98.129
Go0104754,36.81,-98.0836
Go0104755,36.742,-96.3638
Go0104756,36.7422,-96.3636
Go0104757,36.7424,-96.3636
Go0104758,36.7689,-96.3904
Go0104759,36.7687,-96.3903
Go0104760,36.8101,-98.0833
Go0104761,36.7518,-98.1285
Go0104762,36.6811,-98.2356
Go0104763,36.6811,-98.2355
Go0104764,36.6811,-98.2355
Go0104765,36.7095,-98.2696
Go0104766,36.7093,-98.2697
Go0104767,36.7065,-98.2699
Go0104768,36.7518,-98.129
Go0104769,36.7422,-96.3636
Go0104770,36.7424,-96.3636
Go0104771,36.8128,-97.6782
Go0104772,36.751,-98.1621
Go0104773,36.6808,-98.2353
Go0104774,36.706,-98.2688
Go0104775,36.81,-98.0836
Go0104776,36.7625,-96.1739
Go0104777,36.8118,-97.6782
Go0104778,36.6441,-96.3972
Go0104779,36.7069,-98.2694
Go0104780,36.8108,-96.4341
Go0104781,36.8114,-98.0218
Go0104782,36.811,-97.4538
Go0104783,36.7633,-96.1738
Go0104784,36.799,-96.4134
Go0104785,36.811,-97.4538
Go0104786,36.751,-98.1621
Go0104787,36.6442,-96.3964
Go0104788,36.6442,-96.3964
Go0104789,36.7422,-96.3636
Go0104790,36.8108,-96.4338
Go0104791,36.811,-97.4538
Go0104792,36.8133,-96.4396
Go0104793,36.81,-98.0836
Go0104794,36.7565,-96.382
Go0104795,36.7989,-96.4134
Go0104796,36.763,-96.1737
Go0104797,36.7625,-96.1741
Go0104798,36.7503,-98.1618
Go0104799,36.7503,-98.1618
Go0104800,36.751,-98.1621
Go0104801,36.8101,-98.0833
Go0104802,36.8118,-97.6782
Go0104803,36.6808,-98.2353
Go0104804,36.8115,-98.0216
Go0104805,36.7989,-96.4134
Go0104806,36.6445,-96.3979
Go0104807,36.742,-96.3638
Go0104808,36.799,-96.4134
Go0104809,36.7861,-96.3969
Go0104810,36.8108,-96.4341
Go0104811,36.8108,-96.4338
Go0104812,36.8108,-96.4338
Go0104813,36.7364,-96.1869
Go0104814,36.811,-96.434
Go0104815,36.8114,-98.0207
Go0104816,36.751,-98.1621
Go0104821,36.6845,-98.2025
Go0104822,36.8103,-97.526
Go0104824,36.7422,-96.3636
Go0104825,36.811,-97.4538
Go0104826,36.811,-97.4538
Go0104842,36.7565,-96.3821
Go0104846,36.8121,-97.3042
Go0104847,36.7989,-96.4133
Go0104861,36.7503,-98.1618
Go0104865,36.8121,-97.3042
Go0104866,36.7093,-98.2697
Go0104867,36.7069,-98.2694
Go0104868,36.8121,-97.3042
Go0107589,51.33,94.57
Go0108241,28.4835907,77.2828814
Go0108244,20.720251,84.534214
Go0108250,20.206751,85.51338
Go0108286,8.597167,39.380353
Go0108320,54.33,10.13
Go0108322,52.52,13.4
Go0110092,43.2203,142.8635
Go0110139,42.616667,115.466667
Go0110508,25.44012,98.44081
Go0110509,25.44012,98.44081
Go0110510,49.954267,-116.515467
Go0110511,49.954267,-116.515467
Go0110512,49.954267,-116.515467
Go0110513,49.954267,-116.515467
Go0110514,49.954267,-116.515467
Go0110515,49.954267,-116.515467
Go0110516,49.954267,-116.515467
Go0110517,49.954267,-116.515467
Go0110518,49.954267,-116.515467
Go0110519,49.954267,-116.515467
Go0110520,49.954267,-116.515467
Go0110521,49.954267,-116.515467
Go0110522,49.954267,-116.515467
Go0111082,34.727222,119.296667
Go0111121,51.1769,-115.6034
Go0111164,51.1769,-115.6034
Go0111166,51.1769,-115.6034
Go0111167,51.1769,-115.6034
Go0111186,61.563916,22.0417306
Go0111188,61.563916,22.0417306
Go0111190,61.563916,22.0417306
Go0111191,61.563916,22.0417306
Go0111192,61.563916,22.0417306
Go0111193,61.563916,22.0417306
Go0111194,61.563916,22.0417306
Go0111195,61.563916,22.0417306
Go0111215,51.1769,-115.6034
Go0111216,51.1769,-115.6034
Go0111217,51.1769,-115.6034
Go0111218,51.1769,-115.6034
Go0111219,51.1769,-115.6034
Go0111220,51.1769,-115.6034
Go0111221,51.1769,-115.6034
Go0111222,51.1769,-115.6034
Go0111223,51.1769,-115.6034
Go0111224,51.1769,-115.6034
Go0113098,-73.45,165.5
Go0113132,1.28809167,103.78138889
Go0113610,1.4366721,103.7072557
Go0115639,49.954267,-116.515467
Go0115641,49.954267,-116.515467
Go0115642,25.44012,98.44081
Go0115649,21.56666667,108.13333333
Go0115963,-64.76063,-64.0979
Go0116896,44.5386,-110.7979
Go0116905,37.6906,-118.8442
Go0116906,37.6906,-118.8442
Go0116907,37.6906,-118.8442
Go0116908,37.6906,-118.8442
Go0116909,37.6906,-118.8442
Go0116910,40.653,-119.3749
Go0116911,37.6906,-118.8442
Go0116912,37.6906,-118.8442
Go0116913,37.6906,-118.8442
Go0116914,37.6906,-118.8442
Go0116915,37.6906,-118.8442
Go0116916,37.6906,-118.8442
Go0116917,37.6906,-118.8442
Go0116918,37.6906,-118.8442
Go0116920,37.6906,-118.8442
Go0116921,40.653,-119.3749
Go0116922,37.6906,-118.8442
Go0116923,37.6906,-118.8442
Go0116940,37.6906,-118.8442
Go0116941,40.653,-119.3749
Go0116942,40.653,-119.3749
Go0116943,40.653,-119.3749
Go0116944,40.653,-119.3749
Go0116945,40.653,-119.3749
Go0116946,40.653,-119.3749
Go0116947,40.653,-119.3749
Go0116948,40.653,-119.3749
Go0116965,37.6906,-118.8442
Go0116966,37.6906,-118.8442
Go0116967,37.6906,-118.8442
Go0116968,37.6906,-118.8442
Go0116969,40.653,-119.3749
Go0117020,44.5386,-110.7979
Go0117021,44.5386,-110.7979
Go0117022,44.5386,-110.7979
Go0118133,87.41,37.26
Go0118134,87.41,37.26
Go0118136,38.9383,-110.1354
Go0118137,38.9383,-110.1354
Go0118138,38.9383,-110.1354
Go0118139,38.9383,-110.1354
Go0118140,38.9383,-110.1354
Go0118141,38.9383,-110.1354
Go0118142,38.9383,-110.1354
Go0118143,38.9383,-110.1354
Go0118144,38.9383,-110.1354
Go0118145,38.9383,-110.1354
Go0118146,38.9383,-110.1354
Go0118147,38.9383,-110.1354
Go0118148,38.9383,-110.1354
Go0118149,38.9383,-110.1354
Go0118150,38.9383,-110.1354
Go0118151,38.9383,-110.1354
Go0118152,38.9383,-110.1354
Go0118153,38.9383,-110.1354
Go0118154,38.9383,-110.1354
Go0118155,38.9383,-110.1354
Go0118156,38.9383,-110.1354
Go0118157,38.9383,-110.1354
Go0118158,38.9383,-110.1354
Go0118159,38.9383,-110.1354
Go0118160,38.9383,-110.1354
Go0118161,38.9383,-110.1354
Go0118162,38.9383,-110.1354
Go0118163,38.9383,-110.1354
Go0118164,38.9383,-110.1354
Go0118165,38.9383,-110.1354
Go0118166,38.9383,-110.1354
Go0118167,38.9383,-110.1354
Go0118168,38.9383,-110.1354
Go0118169,38.9383,-110.1354
Go0118170,38.9383,-110.1354
Go0118171,38.9383,-110.1354
Go0118172,38.9383,-110.1354
Go0118173,38.9383,-110.1354
Go0118174,38.9383,-110.1354
Go0118175,38.9383,-110.1354
Go0118176,38.9383,-110.1354
Go0118177,38.9383,-110.1354
Go0118178,38.9383,-110.1354
Go0118179,38.9383,-110.1354
Go0118180,38.9383,-110.1354
Go0118181,38.9383,-110.1354
Go0118182,38.9383,-110.1354
Go0118183,38.9383,-110.1354
Go0118184,38.9383,-110.1354
Go0118185,38.9383,-110.1354
Go0118186,38.9383,-110.1354
Go0118187,38.9383,-110.1354
Go0118188,38.9383,-110.1354
Go0118189,38.9383,-110.1354
Go0118190,38.9383,-110.1354
Go0118191,38.9383,-110.1354
Go0118192,38.9383,-110.1354
Go0118193,38.9383,-110.1354
Go0118194,38.9383,-110.1354
Go0118195,38.9383,-110.1354
Go0118196,38.9383,-110.1354
Go0118197,38.9383,-110.1354
Go0118198,38.9383,-110.1354
Go0118199,38.9383,-110.1354
Go0118200,38.9383,-110.1354
Go0118201,38.9383,-110.1354
Go0118202,38.9383,-110.1354
Go0118203,38.9383,-110.1354
Go0118204,38.9383,-110.1354
Go0118205,38.9383,-110.1354
Go0118206,38.9383,-110.1354
Go0118207,38.9383,-110.1354
Go0118208,38.9383,-110.1354
Go0118209,38.9383,-110.1354
Go0118210,38.9383,-110.1354
Go0118211,38.9383,-110.1354
Go0118212,38.9383,-110.1354
Go0118213,38.9383,-110.1354
Go0118214,38.9383,-110.1354
Go0118215,38.9383,-110.1354
Go0118216,38.9383,-110.1354
Go0118217,38.9383,-110.1354
Go0118218,38.9383,-110.1354
Go0118220,38.9383,-110.1354
Go0118221,38.9383,-110.1354
Go0118222,38.9383,-110.1354
Go0118223,38.9383,-110.1354
Go0118224,38.9383,-110.1354
Go0118225,38.9383,-110.1354
Go0118226,38.9383,-110.1354
Go0118227,38.9383,-110.1354
Go0118228,38.9383,-110.1354
Go0118229,38.9383,-110.1354
Go0118230,38.9383,-110.1354
Go0118231,38.9383,-110.1354
Go0118232,38.9383,-110.1354
Go0118233,38.9383,-110.1354
Go0118234,38.9383,-110.1354
Go0118235,38.9383,-110.1354
Go0118236,38.9383,-110.1354
Go0118237,38.9383,-110.1354
Go0118238,38.9383,-110.1354
Go0118239,38.9383,-110.1354
Go0118240,38.9383,-110.1354
Go0118241,38.9383,-110.1354
Go0118242,38.9383,-110.1354
Go0118243,38.9383,-110.1354
Go0118244,38.9383,-110.1354
Go0118245,38.9383,-110.1354
Go0118246,38.9383,-110.1354
Go0118247,38.9383,-110.1354
Go0118248,38.9383,-110.1354
Go0118249,38.9383,-110.1354
Go0118251,38.9383,-110.1354
Go0118252,38.9383,-110.1354
Go0118253,38.9383,-110.1354
Go0118254,38.9383,-110.1354
Go0118255,38.9383,-110.1354
Go0118256,38.9383,-110.1354
Go0118257,38.9383,-110.1354
Go0118258,38.9383,-110.1354
Go0118259,38.9383,-110.1354
Go0118260,38.9383,-110.1354
Go0118261,38.9383,-110.1354
Go0118262,38.9383,-110.1354
Go0118263,38.9383,-110.1354
Go0118264,38.9383,-110.1354
Go0118265,38.9383,-110.1354
Go0118266,38.9383,-110.1354
Go0118270,38.9383,-110.1354
Go0118272,38.9383,-110.1354
Go0118273,38.9383,-110.1354
Go0118274,38.9383,-110.1354
Go0118275,38.9383,-110.1354
Go0118276,38.9383,-110.1354
Go0118277,38.9383,-110.1354
Go0118278,38.9383,-110.1354
Go0118279,38.9383,-110.1354
Go0118280,38.9383,-110.1354
Go0118281,38.9383,-110.1354
Go0118282,38.9383,-110.1354
Go0118283,38.9383,-110.1354
Go0118285,38.9383,-110.1354
Go0118286,38.9383,-110.1354
Go0118287,38.9383,-110.1354
Go0118288,38.9383,-110.1354
Go0118289,38.9383,-110.1354
Go0118290,38.9383,-110.1354
Go0118291,38.9383,-110.1354
Go0118292,38.9383,-110.1354
Go0118293,38.9383,-110.1354
Go0118294,38.9383,-110.1354
Go0118295,38.9383,-110.1354
Go0118296,38.9383,-110.1354
Go0118297,38.9383,-110.1354
Go0118298,38.9383,-110.1354
Go0118299,38.9383,-110.1354
Go0118300,38.9383,-110.1354
Go0118302,38.9383,-110.1354
Go0118303,38.9383,-110.1354
Go0118304,38.9383,-110.1354
Go0118305,38.9383,-110.1354
Go0118306,38.9383,-110.1354
Go0118307,38.9383,-110.1354
Go0118308,38.9383,-110.1354
Go0118309,38.9383,-110.1354
Go0118310,38.9383,-110.1354
Go0118311,38.9383,-110.1354
Go0118312,38.9383,-110.1354
Go0118313,38.9383,-110.1354
Go0118314,38.9383,-110.1354
Go0118316,38.9383,-110.1354
Go0118317,38.9383,-110.1354
Go0118318,38.9383,-110.1354
Go0118319,38.9383,-110.1354
Go0118320,38.9383,-110.1354
Go0118321,38.9383,-110.1354
Go0118322,38.9383,-110.1354
Go0118323,38.9383,-110.1354
Go0118324,38.9383,-110.1354
Go0118325,38.9383,-110.1354
Go0118326,38.9383,-110.1354
Go0118327,38.9383,-110.1354
Go0118328,38.9383,-110.1354
Go0118329,38.9383,-110.1354
Go0118330,38.9383,-110.1354
Go0118331,38.9383,-110.1354
Go0118332,38.9383,-110.1354
Go0118333,38.9383,-110.1354
Go0118334,38.9383,-110.1354
Go0118335,38.9383,-110.1354
Go0118336,38.9383,-110.1354
Go0118337,38.9383,-110.1354
Go0118338,38.9383,-110.1354
Go0118339,38.9383,-110.1354
Go0118341,38.9383,-110.1354
Go0118342,38.9383,-110.1354
Go0118343,38.9383,-110.1354
Go0118344,38.9383,-110.1354
Go0118346,38.9383,-110.1354
Go0118347,38.9383,-110.1354
Go0118348,38.9383,-110.1354
Go0118349,38.9383,-110.1354
Go0118350,38.9383,-110.1354
Go0118351,38.9383,-110.1354
Go0118352,38.9383,-110.1354
Go0118353,38.9383,-110.1354
Go0118354,38.9383,-110.1354
Go0118355,38.9383,-110.1354
Go0118356,38.9383,-110.1354
Go0118357,38.9383,-110.1354
Go0118358,38.9383,-110.1354
Go0118360,38.9383,-110.1354
Go0118361,38.9383,-110.1354
Go0118363,38.9383,-110.1354
Go0118365,38.9383,-110.1354
Go0118366,38.9383,-110.1354
Go0118367,38.9383,-110.1354
Go0118402,40.0329,-105.5464
Go0118405,40.0329,-105.5464
Go0118406,40.0329,-105.5464
Go0118407,40.0329,-105.5464
Go0118408,40.0329,-105.5464
Go0118409,40.0329,-105.5464
Go0118494,87.41,37.26
Go0118505,31.751,-83.2095
Go0119624,52.416,12.968
Go0120007,45.690703,-121.5707304
Go0120008,45.690703,-121.5707304
Go0120009,45.690703,-121.5707304
Go0120010,45.690703,-121.5707304
Go0120011,45.690703,-121.5707304
Go0120012,45.690703,-121.5707304
Go0120013,45.690703,-121.5707304
Go0120014,45.690703,-121.5707304
Go0120015,45.690703,-121.5707304
Go0120016,45.690703,-121.5707304
Go0120017,45.690703,-121.5707304
Go0120018,45.690703,-121.5707304
Go0120019,45.690703,-121.5707304
Go0120020,45.690703,-121.5707304
Go0120021,45.690703,-121.5707304
Go0120022,45.690703,-121.5707304
Go0120023,45.690703,-121.5707304
Go0120024,45.690703,-121.5707304
Go0120025,45.690703,-121.5707304
Go0120026,45.690703,-121.5707304
Go0120027,45.690703,-121.5707304
Go0120028,45.690703,-121.5707304
Go0120029,45.690703,-121.5707304
Go0120030,45.690703,-121.5707304
Go0120031,45.690703,-121.5707304
Go0120274,4.970333,-75.378333
Go0120390,35,83
Go0120457,53.5586,9.8611
Go0120458,53.5586,9.8611
Go0120459,53.5586,9.8611
Go0120460,53.5586,9.8611
Go0120461,53.5586,9.8611
Go0120462,53.5586,9.8611
Go0120463,53.5586,9.8611
Go0120464,53.5586,9.8611
Go0120465,53.5586,9.8611
Go0120466,53.5586,9.8611
Go0120467,53.5586,9.8611
Go0120468,53.5586,9.8611
Go0120469,53.5586,9.8611
Go0120470,53.5586,9.8611
Go0120471,53.5586,9.8611
Go0120472,53.5586,9.8611
Go0120473,53.5586,9.8611
Go0120474,53.5586,9.8611
Go0120475,53.5586,9.8611
Go0120476,53.5586,9.8611
Go0120477,53.5586,9.8611
Go0120478,53.5586,9.8611
Go0120494,35,83
Go0123547,53.5586,9.8611
Go0123562,46.4443313,15.6211977
Go0123569,53.5586,9.8611
Go0123570,53.5586,9.8611
Go0123571,53.5586,9.8611
Go0123572,53.5586,9.8611
Go0123573,53.5586,9.8611
Go0123574,53.5586,9.8611
Go0123575,53.5586,9.8611
Go0123576,53.5586,9.8611
Go0123577,53.5586,9.8611
Go0123578,53.5586,9.8611
Go0123579,53.5586,9.8611
Go0123580,53.5586,9.8611
Go0123581,53.5586,9.8611
Go0123582,53.5586,9.8611
Go0123583,53.5586,9.8611
Go0123584,53.5586,9.8611
Go0123586,53.5586,9.8611
Go0123587,53.5586,9.8611
Go0123588,53.5586,9.8611
Go0123589,53.5586,9.8611
Go0123590,53.5586,9.8611
Go0125138,56.4439584,10.043028
Go0126582,52.2667,79.5
Go0126611,40.2962266,-7.9207357
Go0126637,50.64,6.88
Go0126638,51.1699,-116.1578
Go0126639,43.1066,-89.4247
Go0126640,43.1066,-89.4247
Go0126641,43.1066,-89.4247
Go0126642,43.1066,-89.4247
Go0126643,43.1066,-89.4247
Go0126644,43.1066,-89.4247
Go0126645,43.1066,-89.4247
Go0126646,43.1066,-89.4247
Go0126647,43.1066,-89.4247
Go0126648,40.0132,-79.0717
Go0126649,40.0132,-79.0717
Go0126650,40.0132,-79.0717
Go0126651,40.0132,-79.0717
Go0126652,40.0132,-79.0717
Go0126653,40.0132,-79.0717
Go0136821,-62.663,-61.1769
Go0136822,47.7386,13.3016
Go0136823,31.3996,120.2278
Go0136931,48.2972662,6.9037002
Go0136933,48.2972503,6.8686798
Go0136936,48.2972662,6.9037002
Go0140048,54.18416,7.9
Go0140215,35.941056,-84.336167
Go0141474,40.0132,-79.0717
Go0141530,51.1699,-116.1578
Go0141628,42.941,-84.4042
Go0141629,29.6728,-82.0322
Go0141630,45.6454,8.0945
Go0141631,35.3025,-111.768
Go0141632,52.2649,4.7562
Go0141637,42.941,-84.4042
Go0143293,34.01416667,7.89416667
Go0145404,42.54,-72.18
Go0145405,42.54,-72.18
Go0145406,42.54,-72.18
Go0145407,42.54,-72.18
Go0145408,42.54,-72.18
Go0145409,42.54,-72.18
Go0145410,42.54,-72.18
Go0145411,42.54,-72.18
Go0145412,42.54,-72.18
Go0145413,42.54,-72.18
Go0145414,42.54,-72.18
Go0145415,42.54,-72.18
Go0145416,42.54,-72.18
Go0145417,42.54,-72.18
Go0145418,42.54,-72.18
Go0145419,42.54,-72.18
Go0145420,42.54,-72.18
Go0145421,42.54,-72.18
Go0145422,42.54,-72.18
Go0145423,42.54,-72.18
Go0145424,42.54,-72.18
Go0145425,42.54,-72.18
Go0145426,42.54,-72.18
Go0145427,42.54,-72.18
Go0145428,42.54,-72.18
Go0145429,42.54,-72.18
Go0145430,42.54,-72.18
Go0145431,42.54,-72.18
Go0145432,42.54,-72.18
Go0145433,42.54,-72.18
Go0145434,42.54,-72.18
Go0145435,51.1699,-116.1578
Go0145436,40.0132,-79.0717
Go0146365,42.3,127.47
Go0146555,-68.4717,78.1878
Go0146556,-68.4564,78.1897
Go0146557,-68.4564,78.1897
Go0146558,-68.4564,78.1897
Go0146559,-68.5563,78.1877
Go0146560,-68.4564,78.1897
Go0302044,36.87,120.5
Go0302045,36,120
Go0302441,28.4559,-81.746
Go0302442,28.4559,-81.746
Go0302443,34.5815,-78.4484
Go0302444,34.5815,-78.4484
Go0302445,34.5815,-78.4484
Go0302446,34.5815,-78.4484
Go0302447,34.5815,-78.4484
Go0302448,-22.8469,-48.434
Go0302449,39.849,-81.037
Go0302450,39.849,-81.037
Go0302451,39.849,-81.037
Go0302453,39.602,-79.976
Go0302454,39.602,-79.976
Go0302455,39.602,-79.976
Go0302589,39.849,-81.037
Go0302590,39.849,-81.037
Go0302591,40.178,-81.073
Go0302592,41.3778,-82.5111
Go0302593,41.3778,-82.5111
Go0302594,39.602,-79.976
Go0302597,40.663,-119.367
Go0302599,53.7598,107.9791
Go0302600,40.663,-119.367
Go0302601,40.663,-119.367
Go0302602,40.663,-119.367
Go0302603,40.663,-119.367
Go0302604,40.663,-119.367
Go0302613,28.7109,-81.4862
Go0302614,28.7109,-81.4862
Go0302615,27.6228,-81.8093
Go0302620,28.4561,-81.746
Go0302621,28.4559,-81.746
Go0302622,34.5815,-78.4484
Go0302623,39.7091,-74.664
Go0302624,35.8609,-78.7621
Go0302625,28.7107,-81.4852
Go0302626,41.3778,-82.5111
Go0305281,42.9409,-84.4041
Go0305282,-34.1936,115.87
Go0305305,41.3778,-82.5111
Go0305306,41.3778,-82.5111
Go0305307,41.3778,-82.5111
Go0305308,41.3778,-82.5111
Go0305309,41.3778,-82.5111
Go0305310,41.3778,-82.5111
Go0305311,41.3778,-82.5111
Go0305312,41.3778,-82.5111
Go0305313,41.3778,-82.5111
Go0305314,41.3778,-82.5111
Go0305315,41.3778,-82.5111
Go0305316,41.3778,-82.5111
Go0305369,41.3778,-82.5111
Go0305370,41.3778,-82.5111
Go0305371,41.3778,-82.5111
Go0305456,38.1972,-90.129
Go0327431,52.0385,8.4956
Go0327432,52.0385,8.4956
Go0327465,41.3778,-82.5111
Go0327466,46.0993,-123.2086
Go0327467,46.0993,-123.2086
Go0327468,46.0993,-123.2086
Go0327469,46.0993,-123.2086
Go0327470,46.0993,-123.2086
Go0327471,46.0993,-123.2086
Go0327472,46.0993,-123.2086
Go0327473,46.0993,-123.2086
Go0327474,46.0993,-123.2086
Go0327475,46.0993,-123.2086
Go0327476,46.0993,-123.2086
Go0327477,46.0993,-123.2086
Go0327478,46.0993,-123.2086
Go0327479,46.0993,-123.2086
Go0327480,46.0993,-123.2086
Go0327481,46.0993,-123.2086
Go0327482,46.0993,-123.2086
Go0327483,46.0993,-123.2086
Go0327484,46.0993,-123.2086
Go0327485,46.0993,-123.2086
Go0327486,46.0993,-123.2086
Go0327487,46.0993,-123.2086
Go0327488,46.0993,-123.2086
Go0327489,46.0993,-123.2086
Go0327490,46.0993,-123.2086
Go0327491,46.0993,-123.2086
Go0327492,46.0993,-123.2086
Go0327493,46.0993,-123.2086
Go0327494,46.0993,-123.2086
Go0327495,46.0993,-123.2086
Go0327496,46.0993,-123.2086
Go0327497,46.0993,-123.2086
Go0327498,46.0993,-123.2086
Go0327499,46.0993,-123.2086
Go0327500,46.0993,-123.2086
Go0327501,46.0993,-123.2086
Go0327502,46.0993,-123.2086
Go0327503,46.0993,-123.2086
Go0327504,46.0993,-123.2086
Go0327505,46.0993,-123.2086
Go0327506,46.0993,-123.2086
Go0327507,46.0993,-123.2086
Go0327508,46.0993,-123.2086
Go0327509,46.0993,-123.2086
Go0327510,46.0993,-123.2086
Go0327511,46.0993,-123.2086
Go0327512,46.0993,-123.2086
Go0327513,46.0993,-123.2086
Go0327514,46.0993,-123.2086
Go0327515,46.0993,-123.2086
Go0327516,46.0993,-123.2086
Go0327517,46.0993,-123.2086
Go0327518,46.0993,-123.2086
Go0327519,46.0993,-123.2086
Go0327520,46.0993,-123.2086
Go0327521,46.0993,-123.2086
Go0327522,46.0993,-123.2086
Go0327523,46.0993,-123.2086
Go0327524,46.0993,-123.2086
Go0327525,46.0993,-123.2086
Go0327526,46.0993,-123.2086
Go0327527,46.0993,-123.2086
Go0327528,46.0993,-123.2086
Go0327529,46.0993,-123.2086
Go0327530,46.0993,-123.2086
Go0327531,46.0993,-123.2086
Go0327532,46.0993,-123.2086
Go0327533,46.0993,-123.2086
Go0327534,46.0993,-123.2086
Go0327535,46.0993,-123.2086
Go0327536,46.0993,-123.2086
Go0327537,46.0993,-123.2086
Go0327538,46.0993,-123.2086
Go0327539,46.0993,-123.2086
Go0327540,46.0993,-123.2086
Go0327541,46.0993,-123.2086
Go0327542,46.0993,-123.2086
Go0327543,46.0993,-123.2086
Go0327544,46.0993,-123.2086
Go0327545,46.0993,-123.2086
Go0327546,46.0993,-123.2086
Go0327547,46.0993,-123.2086
Go0327548,46.0993,-123.2086
Go0327549,46.0993,-123.2086
Go0327550,46.0993,-123.2086
Go0327551,46.0993,-123.2086
Go0327552,46.0993,-123.2086
Go0327553,46.0993,-123.2086
Go0327554,46.0993,-123.2086
Go0327555,46.0993,-123.2086
Go0327556,46.0993,-123.2086
Go0327557,46.0993,-123.2086
Go0327558,46.0993,-123.2086
Go0327559,46.0993,-123.2086
Go0327560,46.0993,-123.2086
Go0327561,46.0993,-123.2086
Go0327562,46.0993,-123.2086
Go0327563,46.0993,-123.2086
Go0327564,46.0993,-123.2086
Go0327565,46.0993,-123.2086
Go0327566,46.0993,-123.2086
Go0327567,46.0993,-123.2086
Go0327568,46.0993,-123.2086
Go0327569,46.0993,-123.2086
Go0327570,46.0993,-123.2086
Go0327571,46.0993,-123.2086
Go0327572,46.0993,-123.2086
Go0327573,46.0993,-123.2086
Go0327574,46.0993,-123.2086
Go0327575,46.0993,-123.2086
Go0327576,46.0993,-123.2086
Go0327577,46.0993,-123.2086
Go0327578,46.0993,-123.2086
Go0327579,46.0993,-123.2086
Go0327580,46.0993,-123.2086
Go0327581,46.0993,-123.2086
Go0327582,46.0993,-123.2086
Go0327583,46.0993,-123.2086
Go0327584,46.0993,-123.2086
Go0327585,46.0993,-123.2086
Go0327586,46.0993,-123.2086
Go0327587,46.0993,-123.2086
Go0327588,46.0993,-123.2086
Go0327589,46.0993,-123.2086
Go0327590,46.0993,-123.2086
Go0327591,46.0993,-123.2086
Go0327592,46.0993,-123.2086
Go0327593,46.0993,-123.2086
Go0327594,46.0993,-123.2086
Go0327595,46.0993,-123.2086
Go0327596,46.0993,-123.2086
Go0327597,46.0993,-123.2086
Go0327598,46.0993,-123.2086
Go0327599,46.0993,-123.2086
Go0327600,46.0993,-123.2086
Go0327601,46.0993,-123.2086
Go0327602,46.0993,-123.2086
Go0327603,46.0993,-123.2086
Go0327604,46.0993,-123.2086
Go0327605,46.0993,-123.2086
Go0327606,46.0993,-123.2086
Go0327607,46.0993,-123.2086
Go0327608,46.0993,-123.2086
Go0327609,46.0993,-123.2086
Go0327610,46.0993,-123.2086
Go0327611,46.0993,-123.2086
Go0327612,73.3608,0.2108
Go0327613,73.3608,0.2108
Go0327614,73.3608,0.2108
Go0327615,73.3608,0.2108
Go0327616,73.3608,0.2108
Go0333412,52.0385,8.4956
Go0333413,52.0385,8.4956
Go0333414,52.0385,8.4956
Go0333415,52.0385,8.4956
Go0333416,52.0385,8.4956
Go0333417,52.0385,8.4956
Go0333418,52.0385,8.4956
Go0333419,52.0385,8.4956
Go0333420,52.0385,8.4956
Go0333421,52.0385,8.4956
Go0333422,52.0385,8.4956
Go0333423,52.0385,8.4956
Go0333424,52.0385,8.4956
Go0333425,52.0385,8.4956
Go0333426,52.0385,8.4956
Go0333427,52.0385,8.4956
Go0333428,52.0385,8.4956
Go0333429,52.0385,8.4956
Go0333430,52.0385,8.4956
Go0333431,52.0385,8.4956
Go0333432,52.0385,8.4956
Go0333433,52.0385,8.4956
Go0333434,52.0385,8.4956
Go0333435,52.0385,8.4956
Go0333436,52.0385,8.4956
Go0333437,52.0385,8.4956
Go0333438,52.0385,8.4956
Go0333439,52.0385,8.4956
Go0333440,52.0385,8.4956
Go0333441,52.0385,8.4956
Go0333442,52.0385,8.4956
Go0333443,52.0385,8.4956
Go0333444,52.0385,8.4956
Go0333445,52.0385,8.4956
Go0333446,52.0385,8.4956
Go0333447,52.0385,8.4956
Go0333448,52.0385,8.4956
Go0333449,52.0385,8.4956
Go0333450,52.0385,8.4956
Go0333451,52.0385,8.4956
Go0333452,52.0385,8.4956
Go0333453,52.0385,8.4956
Go0333454,52.0385,8.4956
Go0333455,52.0385,8.4956
Go0333456,52.0385,8.4956
Go0333457,52.0385,8.4956
Go0333458,52.0385,8.4956
Go0333459,52.0385,8.4956
Go0333460,52.0385,8.4956
Go0333461,52.0385,8.4956
Go0333494,73.3608,0.2108
Go0333495,73.3608,0.2108
Go0333496,73.3608,0.2108
Go0333497,73.3608,0.2108
Go0333498,73.3608,0.2108
Go0333499,73.3608,0.2108
Go0333500,73.3608,0.2108
Go0333501,73.3608,0.2108
Go0333502,73.3608,0.2108
Go0333503,73.3608,0.2108
Go0333504,73.3608,0.2108
Go0333505,73.3608,0.2108
Go0333506,73.3608,0.2108
Go0333507,73.3608,0.2108
Go0333508,73.3608,0.2108
Go0336222,52.0385,8.4956
Go0336223,52.0385,8.4956
Go0336224,52.0385,8.4956
Go0336225,73.3608,0.2108
Go0336226,73.3608,0.2108
Go0336227,73.3608,0.2108
Go0336228,73.3608,0.2108
Go0336229,73.3608,0.2108
Go0336230,73.3608,0.2108
Go0336231,73.3608,0.2108
Go0336232,73.3608,0.2108
Go0336233,73.3608,0.2108
Go0336234,73.3608,0.2108
Go0336235,73.3608,0.2108
Go0336236,73.3608,0.2108
Go0336237,73.3608,0.2108
Go0336238,73.3608,0.2108
Go0336239,73.3608,0.2108
Go0336240,73.3608,0.2108
Go0336241,73.3608,0.2108
Go0336242,73.3608,0.2108
Go0336243,73.3608,0.2108
Go0336244,73.3608,0.2108
Go0336245,73.3608,0.2108
Go0336246,73.3608,0.2108
Go0336247,41.3778,-82.5111
Go0357120,52.0385,8.4956
Go0357121,52.0385,8.4956
Go0357122,52.0385,8.4956
Go0357123,52.0385,8.4956
Go0357124,52.0385,8.4956
Go0357125,52.0385,8.4956
Go0357126,73.3608,0.2108
Go0357127,73.3608,0.2108
Go0357128,73.3608,0.2108
Go0357185,52.0385,8.4956
Go0357186,52.0385,8.4956
Go0357187,52.0385,8.4956
Go0357188,52.0385,8.4956
Go0357189,52.0385,8.4956
Go0357190,52.0385,8.4956
Go0357191,52.0385,8.4956
Go0357192,52.0385,8.4956
Go0357193,52.0385,8.4956
Go0357194,42.808,10.1421
Go0357195,42.808,10.1421
Go0357196,42.808,10.1421
Go0357197,42.808,10.1421
Go0357198,42.808,10.1421
Go0357199,42.808,10.1421
Go0357200,42.808,10.1421
Go0357201,42.808,10.1421
Go0357202,42.808,10.1421
Go0357203,42.808,10.1421
Go0357204,42.808,10.1421
Go0357205,42.808,10.1421
Go0357206,42.808,10.1421
Go0357207,42.808,10.1421
Go0357208,42.808,10.1421
Go0357209,42.808,10.1421
Go0357210,42.808,10.1421
Go0357211,42.808,10.1421
Go0357212,42.808,10.1421
Go0357213,42.808,10.1421
Go0357214,42.808,10.1421
Go0357215,42.808,10.1421
Go0357216,42.808,10.1421
Go0357217,42.808,10.1421
Go0357218,42.808,10.1421
Go0357219,42.808,10.1421
Go0357220,42.808,10.1421
Go0357221,42.808,10.1421
Go0358354,53.5586,9.8611
Go0358356,53.5586,9.8611
Go0358357,53.5586,9.8611
Go0358360,53.5586,9.8611
Go0358361,53.5586,9.8611
Go0358364,42.616667,115.466667
Go0358426,46,-87
Go0358477,73.3608,0.2108
Go0367238,22.7897,157.919
Go0367248,22.6617,157.977
Go0367448,38.9667,-79.35
Go0367449,38.9667,-79.35
Go0367450,38.9667,-79.35
Go0367451,34.5915,-78.4599
Go0367452,35.8416,-78.3735
Go0367453,35.8416,-78.3735
Go0367454,39.5975,-79.2747
Go0367455,39.5975,-79.2747
Go0367456,39.5975,-79.2747
Go0367457,39.5975,-79.2747
Go0367460,39.5975,-79.2747
Go0367461,34.5915,-78.4599
Go0367463,39.5975,-79.2747
Go0367464,39.5975,-79.2747
Go0367465,38.9667,-79.35
Go0367466,38.9667,-79.35
Go0367467,39.5975,-79.2747
Go0367468,39.5975,-79.2747
Go0367469,38.9667,-79.35
Go0367470,38.9667,-79.35
Go0367471,38.9667,-79.35
Go0367472,39.5975,-79.2747
Go0367473,39.5975,-79.2747
Go0367474,38.9667,-79.35
Go0367475,38.9667,-79.35
Go0367476,39.5975,-79.2747
Go0367477,39.5975,-79.2747
Go0367478,39.5975,-79.2747
Go0367481,53.5586,9.8611
Go0367482,53.5586,9.8611
Go0367483,53.5586,9.8611
Go0367484,53.5586,9.8611
Go0367485,53.5586,9.8611
Go0367486,53.5586,9.8611
Go0367487,53.5586,9.8611
Go0367488,53.5586,9.8611
Go0367489,53.5586,9.8611
Go0367490,53.5586,9.8611
Go0367491,53.5586,9.8611
Go0367493,53.5586,9.8611
Go0367495,53.5586,9.8611
Go0367497,53.5586,9.8611
Go0367498,53.5586,9.8611
Go0367504,53.5586,9.8611
Go0367505,53.5586,9.8611
Go0367506,53.5586,9.8611
Go0367507,53.5586,9.8611
Go0367509,53.5586,9.8611
Go0367510,53.5586,9.8611
Go0367511,53.5586,9.8611
Go0367512,53.5586,9.8611
Go0367550,22.7519,158.0072
Go0367551,22.6617,157.977
Go0367552,22.7897,157.9194
Go0367553,22.7519,158.007
Go0367554,22.7519,158.0075
Go0367555,22.7519,158.008
Go0367556,22.7519,158.008
Go0367557,22.7519,158.008
Go0367558,22.7519,158.008
Go0367559,22.7519,158.0075
Go0367560,22.7897,157.919
Go0367561,22.6617,157.9972
Go0367562,22.6617,157.9772
Go0367563,22.7897,157.9194
Go0367564,22.6617,157.9772
Go0367565,22.7519,158.0072
Go0367566,22.7897,157.9194
Go0367567,22.7897,157.919
Go0367568,22.6617,157.977
Go0367569,22.6617,157.977
Go0367570,22.6617,157.9772
Go0367571,22.6617,157.977
Go0367572,22.6617,157.9772
Go0367574,22.7519,158.0075
Go0367575,22.6617,157.9772
Go0367577,22.7897,157.919
Go0367578,22.6617,157.977
Go0367579,22.7519,158.0072
Go0367580,22.7519,158.008
Go0367582,22.7897,157.9194
Go0367583,22.7897,157.9194
Go0367584,22.7897,157.919
Go0367585,22.7519,158.0075
Go0367586,22.7519,158.007
Go0367587,22.7897,157.9194
Go0367588,22.7897,157.919
Go0367589,22.7897,157.919
Go0367590,22.6617,157.9772
Go0367591,22.7519,158.008
Go0367592,22.6617,157.977
Go0367593,22.7519,158.008
Go0367594,22.7519,158.0075
Go0367596,22.7519,158.008
Go0367597,22.7519,158.0072
Go0367598,22.6617,157.977
Go0367600,22.7897,157.919
Go0367601,22.6617,157.9772
Go0367602,22.7897,157.9194
Go0367603,27.7897,157.9194
Go0367604,22.7897,157.9194
Go0367605,22.7897,157.9194
Go0367606,22.7519,158.0072
Go0367607,22.7519,158.008
Go0367608,22.6617,157.9972
Go0367609,22.7519,158.008
Go0367610,22.7519,158.008
Go0367611,22.7519,158.008
Go0367612,22.7519,158.0072
Go0367613,22.7519,158.007
Go0367614,22.7519,158.0075
Go0367615,22.7897,157.919
Go0367616,22.7897,157.9194
Go0367617,22.7897,157.919
Go0367618,22.7519,158.0072
Go0367619,22.6617,157.9772
Go0367620,22.6617,157.9772
Go0367621,22.6617,157.9772
Go0367624,22.7897,157.919
Go0367625,22.7897,157.9194
Go0367626,22.7897,157.9194
Go0367627,22.7519,158.0075
Go0367628,22.7519,158.0075
Go0367629,22.6617,157.977
Go0367630,22.6617,157.977
Go0367631,22.7519,158.007
Go0367632,22.6617,157.977
Go0367633,22.7519,158.008
Go0367635,22.7519,158.008
Go0367636,22.7519,158.0072
Go0367637,22.7519,158.008
Go0367638,22.7519,158.008
Go0367639,22.7519,158.008
Go0367640,22.7519,158.008
Go0367641,22.7897,157.9194
Go0367642,22.7897,157.9194
Go0367643,22.7897,157.9194
Go0367644,22.7897,157.919
Go0367645,22.7519,158.0075
Go0367646,22.7897,157.9194
Go0367647,22.7519,158.0075
Go0367648,22.7519,158.0072
Go0367649,22.7519,158.0075
Go0367650,22.7519,158.0072
Go0367651,22.7519,158.0072
Go0367652,22.6617,157.9972
Go0367653,22.7519,158.0072
Go0367654,22.6617,157.9972
Go0367655,22.6617,157.977
Go0367656,22.6617,157.977
Go0367657,22.7519,158.0072
Go0367658,22.6617,157.9972
Go0367659,22.7519,158.008
Go0367660,22.7519,158.0075
Go0367661,22.6617,157.977
Go0367662,22.6617,157.9972
Go0367663,22.7519,158.0075
Go0367664,22.7519,158.008
Go0367665,22.7519,158.0075
Go0367666,22.7519,158.0075
Go0367667,22.7519,158.0075
Go0367668,22.7897,157.9194
Go0367669,22.7897,157.919
Go0367670,22.7897,157.919
Go0367671,22.6617,157.977
Go0367672,22.7519,158.0075
Go0367673,22.7897,157.919
Go0367674,22.7519,158.008
Go0367675,22.7519,158.007
Go0367676,22.7519,158.007
Go0367677,22.7519,158.008
Go0367678,22.7519,158.007
Go0367679,22.7519,158.0072
Go0367680,22.7519,158.0072
Go0367681,22.7519,158.0072
Go0367682,22.6617,157.9772
Go0367683,22.6617,157.977
Go0367684,22.7519,158.008
Go0367685,22.7519,158.007
Go0367686,22.7519,158.0075
Go0367687,22.6617,157.977
Go0367688,22.6617,157.9772
Go0367689,22.6617,157.9772
Go0367690,22.6617,157.9772
Go0367691,22.7897,157.9194
Go0367692,22.7897,157.9194
Go0367717,60.1129,10.3255
Go0367718,60.0533,9.3561
Go0367765,40.0886,-105.4962
Go0367767,42.9322,-75.8332
Go0367810,46.6791,-92.5188
Go0368235,22.6617,157.9772
Go0368382,22.6617,157.9972
Go0368384,22.6617,157.9772
Go0368386,22.7897,157.9194
Go0368387,22.6617,157.9772
Go0368388,22.6617,157.9972
Go0368390,22.6617,157.9772
Go0368406,22.6617,157.9972
Go0368410,22.7519,158.0072
Go0368422,22.7897,157.9194
Go0368423,22.7897,157.9194
Go0368426,22.6617,157.9772
Go0368427,22.7519,158.0072
Go0368432,49.0398,13.6196
Go0368433,49.0398,13.6196
Go0368434,49.0398,13.6196
Go0368435,49.0398,13.6196
Go0368436,49.0398,13.6196
Go0368460,-22.8465,-48.4341
Go0368461,-22.8464,-48.4343
Go0368462,-22.9091,-48.3077
Go0368463,-21.1675,-47.8464
Go0368464,-21.1634,-47.8615
Go0368796,23.5643,58.853
Go0369014,40.0329,-105.5464
Go0369015,40.0329,-105.5464
Go0369016,40.0329,-105.5464
Go0369017,40.0329,-105.5464
Go0369018,40.0329,-105.5464
Go0369019,40.0329,-105.5464
Go0369020,40.0329,-105.5464
Go0369021,40.0329,-105.5464
Go0369022,40.0329,-105.5464
Go0369023,40.0329,-105.5464
Go0369024,40.0329,-105.5464
Go0369025,40.0329,-105.5464
Go0369026,40.0329,-105.5464
Go0369027,40.0329,-105.5464
Go0369028,40.0329,-105.5464
Go0369126,-36.45,-73
Go0369127,-36.45,-73
Go0369128,-36.45,-73
Go0369129,-36.45,-73
Go0369130,-22.3933,14.0318
Go0369131,-22.3933,14.0318
Go0369132,-22.3933,14.0318
Go0369133,-36.45,-73
Go0369134,-36.45,-73
Go0369135,-36.45,-73
Go0369136,-22.3933,14.0318
Go0369137,-22.3933,14.0318
Go0369138,-22.3933,14.0318
Go0369139,-36.45,-73
Go0369140,-36.45,-73
Go0369141,-36.45,-73
Go0369142,-22.3933,14.0318
Go0369143,-22.3933,14.0318
Go0369144,-36.45,-73
Go0369145,-36.45,-73
Go0369146,-36.45,-73
Go0369147,-36.45,-73
Go0369148,-36.45,-73
Go0369149,-36.45,-73
Go0369150,-36.45,-73
Go0369151,-22.3933,14.0318
Go0369152,-22.3933,14.0318
Go0369153,-36.45,-73
Go0369154,-36.45,-73
Go0369155,-22.3933,14.0318
Go0369156,-22.3933,14.0318
Go0369157,-22.3933,14.0318
Go0369158,-36.45,-73
Go0369159,-36.45,-73
Go0369160,-22.3933,14.0318
Go0369161,-36.45,-73
Go0369162,-36.45,-73
Go0369163,-36.45,-73
Go0369164,-22.3933,14.0318
Go0369165,-36.45,-73
Go0369166,-36.45,-73
Go0369167,-22.3933,14.0318
Go0369168,-22.3933,14.0318
Go0369169,-36.45,-73
Go0369170,-36.45,-73
Go0369171,-36.45,-73
Go0369172,-36.45,-73
Go0369173,-36.45,-73
Go0369174,-36.45,-73
Go0369175,-22.3933,14.0318
Go0369176,-36.45,-73
Go0369177,-36.45,-73
Go0369178,-22.3933,14.0318
Go0369179,-22.3933,14.0318
Go0369180,-36.45,-73
Go0369181,-36.45,-73
Go0369521,63.883,-145.733
Go0369522,63.883,-145.733
Go0369523,63.883,-145.733
Go0369524,63.883,-145.733
Go0369525,63.883,-145.733
Go0369526,63.883,-145.733
Go0369527,63.883,-145.733
Go0369528,63.883,-145.733
Go0369529,63.883,-145.733
Go0369530,63.883,-145.733
Go0369531,63.883,-145.733
Go0369532,63.883,-145.733
Go0369533,63.883,-145.733
Go0369534,63.883,-145.733
Go0369535,63.883,-145.733
Go0369536,63.883,-145.733
Go0369584,42.72,-70.85
Go0369585,42.72,-70.85
Go0369586,42.72,-70.85
Go0369587,42.72,-70.85
Go0369588,42.72,-70.85
Go0369589,42.72,-70.85
Go0369590,42.72,-70.85
Go0369591,42.72,-70.85
Go0369592,42.72,-70.85
Go0369593,42.72,-70.85
Go0369594,42.72,-70.85
Go0369595,42.72,-70.85
Go0369596,42.72,-70.85
Go0369597,42.72,-70.85
Go0369598,42.72,-70.85
Go0369600,42.72,-70.85
Go0369601,42.72,-70.85
Go0369602,42.72,-70.85
Go0369603,42.72,-70.85
Go0369604,42.72,-70.85
Go0369605,42.72,-70.85
Go0369606,42.72,-70.85
Go0369607,42.72,-70.85
Go0369608,42.72,-70.85
Go0369609,42.72,-70.85
Go0369610,42.72,-70.85
Go0369611,42.72,-70.85
Go0369612,42.72,-70.85
Go0369613,42.72,-70.85
Go0369614,42.72,-70.85
Go0369615,42.72,-70.85
Go0369616,42.72,-70.85
Go0369617,42.72,-70.85
Go0369618,42.72,-70.85
Go0369619,42.72,-70.85
Go0369620,42.72,-70.85
Go0369621,42.72,-70.85
Go0369622,42.72,-70.85
Go0369623,42.72,-70.85
Go0369624,42.72,-70.85
Go0369625,42.72,-70.85
Go0369626,42.72,-70.85
Go0369627,42.72,-70.85
Go0369628,42.72,-70.85
Go0369629,42.72,-70.85
Go0369630,42.72,-70.85
Go0370147,22.6617,157.9972
Go0370148,22.6617,157.9972
Go0370149,22.7519,158.0072
Go0370150,22.7897,157.9194
Go0370151,22.7897,157.9194
Go0370152,22.7897,157.9194
Go0370153,22.7897,157.9194
Go0370154,22.6617,157.9772
Go0370155,22.6617,157.9772
Go0370156,22.6617,157.9772
Go0370157,23.0675,156.1525
Go0370158,23.8525,156.7669
Go0370159,23.8525,156.7669
Go0370160,22.6858,156.0172
Go0370162,22.6858,156.0172
Go0370163,22.6858,156.0172
Go0370165,22.6858,156.0172
Go0370166,22.6858,156.0172
Go0370168,22.6858,156.0172
Go0370169,22.6858,156.0172
Go0370170,23.8525,156.7669
Go0370171,22.7519,158.0072
Go0370172,22.6617,157.9772
Go0370173,23.8525,156.7669
Go0370174,23.8525,156.7669
Go0370175,23.8525,156.7669
Go0370176,22.6858,156.0172
Go0370177,22.7519,158.0072
Go0370178,22.7519,158.0075
Go0370179,22.7519,158.0075
Go0370180,22.7897,157.9194
Go0370181,22.7897,157.9194
Go0370183,22.6617,157.9772
Go0370184,23.0675,156.1525
Go0370187,22.7897,157.9194
Go0370189,22.7897,157.9194
Go0370190,22.7897,157.9194
Go0370191,22.7897,157.9194
Go0370192,22.6617,157.9772
Go0370193,22.6617,157.9772
Go0370194,22.6617,157.9772
Go0370195,22.7897,157.9194
Go0370196,22.6858,156.0172
Go0370197,22.6858,156.0172
Go0370202,22.6858,156.0172
Go0370203,22.7519,158.0072
Go0370204,23.8525,156.7669
Go0370205,22.6858,156.0172
Go0370207,23.0675,156.1525
Go0370208,23.0675,156.1525
Go0370210,23.0675,156.1525
Go0370211,23.0675,156.1525
Go0370212,23.0675,156.1525
Go0370214,22.7519,158.0072
Go0370215,22.7897,157.9194
Go0370216,22.7897,157.9194
Go0370217,22.7897,157.9194
Go0370218,23.0675,156.1525
Go0370219,23.0675,156.1525
Go0370220,23.8525,156.7669
Go0370221,23.0675,156.1525
Go0370222,23.0675,156.1525
Go0370223,22.6858,156.0172
Go0370224,23.8525,156.7669
Go0370225,23.8525,156.7669
Go0370226,22.6858,156.0172
Go0370227,23.0675,156.1525
Go0370228,22.6858,156.0172
Go0370229,22.7519,158.0075
Go0370230,23.0675,156.1525
Go0370231,22.6858,156.0172
Go0370232,23.0675,156.1525
Go0370233,22.6858,156.0172
Go0370234,22.6858,156.0172
Go0370235,22.6858,156.0172
Go0370236,23.8525,156.7669
Go0370237,23.0675,156.1525
Go0370238,22.6858,156.0172
Go0370239,23.8525,156.7669
Go0370240,23.0675,156.1525
Go0370241,22.6858,156.0172
Go0370242,22.6858,156.0172
Go0370243,22.7519,158.0072
Go0370244,23.8525,156.7669
Go0370245,22.6858,156.0172
Go0370247,22.6858,156.0172
Go0370248,23.8525,156.7669
Go0370249,22.6858,156.0172
Go0370250,22.6858,156.0172
Go0370251,23.8525,156.7669
Go0370252,22.6858,156.0172
Go0370253,23.8525,156.7669
Go0370254,23.8525,156.7669
Go0370255,22.6858,156.0172
Go0370256,23.0675,156.1525
Go0370257,23.0675,156.1525
Go0370258,22.7519,158.0072
Go0370259,23.8525,156.7669
Go0370260,23.0675,156.1525
Go0370261,22.7519,158.0072
Go0370262,23.8525,156.7669
Go0370263,22.7519,158.0072
Go0370264,22.7519,158.0072
Go0370265,23.0675,156.1525
Go0370266,22.7897,157.9194
Go0370267,22.7897,157.9194
Go0370268,22.7897,157.9194
Go0370269,22.7897,157.9194
Go0370270,22.7897,157.9194
Go0370272,22.6858,156.0172
Go0370273,22.6858,156.0172
Go0370274,23.0675,156.1525
Go0370275,23.0675,156.1525
Go0370276,22.7519,158.0072
Go0370277,22.7519,158.0072
Go0370278,22.6858,156.0172
Go0370279,23.0675,156.1525
Go0370280,23.0675,156.1525
Go0370281,23.0675,156.1525
Go0370283,22.6617,157.9972
Go0370284,22.7897,157.9194
Go0370285,22.7897,157.9194
Go0370286,23.8525,156.7669
Go0370287,22.6617,157.9772
Go0370288,22.6617,157.9772
Go0370289,22.6858,156.0172
Go0370291,23.0675,156.1525
Go0370292,22.6858,156.0172
Go0370293,22.6858,156.0172
Go0370294,23.0675,156.1525
Go0370295,23.8525,156.7669
Go0370296,22.6858,156.0172
Go0370297,22.6858,156.0172
Go0370299,22.6858,156.0172
Go0370300,22.7519,158.0075
Go0370301,22.7519,158.0072
Go0370302,22.6858,156.0172
Go0370303,22.6617,157.9972
Go0370304,23.0675,156.1525
Go0370305,22.6858,156.0172
Go0370306,23.0675,156.1525
Go0370307,22.7519,158.0075
Go0370308,22.7897,157.9194
Go0370309,22.7897,157.9194
Go0370310,22.7897,157.9194
Go0370311,22.7519,158.0075
Go0370312,23.8525,156.7669
Go0370313,23.8525,156.7669
Go0370314,22.7519,158.0075
Go0370315,23.0675,156.1525
Go0370316,23.8525,156.7669
Go0370317,23.0675,156.1525
Go0370319,23.0675,156.1525
Go0370320,22.6617,157.9772
Go0370321,22.6617,157.9772
Go0370322,23.0675,156.1525
Go0370323,23.8525,156.7669
Go0370324,23.8525,156.7669
Go0370325,23.0675,156.1525
Go0370326,22.7519,158.0072
Go0370327,22.6617,157.9972
Go0370328,23.0675,156.1525
Go0370329,22.6617,157.9772
Go0370330,22.6858,156.0172
Go0370332,22.6617,157.9772
Go0370333,22.6617,157.9972
Go0370334,22.6617,157.9972
Go0370335,22.6617,157.9972
Go0370336,22.6617,157.9972
Go0370337,22.7519,158.0072
Go0370338,22.7519,158.0072
Go0370339,22.7519,158.0072
Go0370340,22.7519,158.0075
Go0370341,22.7897,157.9194
Go0370342,23.0675,156.1525
Go0370343,22.7519,158.0075
Go0370344,23.0675,156.1525
Go0370345,23.0675,156.1525
Go0370347,22.7519,158.0072
Go0370348,23.0675,156.1525
Go0370349,23.0675,156.1525
Go0370350,23.0675,156.1525
Go0370351,23.0675,156.1525
Go0370352,22.7519,158.0075
Go0370353,23.0675,156.1525
Go0370354,22.7519,158.0075
Go0370355,22.7519,158.0072
Go0370357,23.8525,156.7669
Go0370358,23.0675,156.1525
Go0370359,23.0675,156.1525
Go0370360,22.6617,157.9972
Go0370361,23.8525,156.7669
Go0370362,23.8525,156.7669
Go0370363,22.6858,156.0172
Go0370364,22.6617,157.9972
Go0370365,23.8525,156.7669
Go0370366,23.0675,156.1525
Go0370367,23.8525,156.7669
Go0370368,23.0675,156.1525
Go0370370,23.8525,156.7669
Go0370371,23.0675,156.1525
Go0370372,23.8525,156.7669
Go0370373,23.0675,156.1525
Go0370375,23.0675,156.1525
Go0370376,22.7519,158.0072
Go0370377,22.6858,156.0172
Go0370378,23.0675,156.1525
Go0370387,27.0078,11.4071
Go0370388,27.0078,11.4071
Go0370389,34.9956,-98.6889
Go0370390,34.9956,-98.6889
Go0370391,34.9956,-98.6889
Go0370392,34.9956,-98.6889
Go0370393,34.9956,-98.6889
Go0370395,34.9956,-98.6889
Go0370397,34.9956,-98.6889
Go0370398,34.9956,-98.6889
Go0370399,34.9956,-98.6889
Go0370401,34.9956,-98.6889
Go0370402,34.9956,-98.6889
Go0370406,34.9956,-98.6889
Go0370407,34.9956,-98.6889
Go0370440,-38.5341,176.1723
Go0370441,-38.5341,176.1723
Go0370446,-38.5341,176.1723
Go0370447,53.7598,107.9791
Go0370449,53.7598,107.9791
Go0370450,53.7598,107.9791
Go0370451,53.7598,107.9791
Go0370453,53.7598,107.9791
Go0370461,53.7598,107.9791
Go0370468,53.7598,107.9791
Go0370471,53.7598,107.9791
Go0370473,53.7598,107.9791
Go0370474,53.7598,107.9791
Go0370477,53.7598,107.9791
Go0370479,34.9956,-98.6889
Go0370487,-13.71,-81.3888
Go0370488,-13.71,-81.3888
Go0370489,-13.71,-81.3888
Go0370490,-13.71,-81.3888
Go0370491,-13.71,-81.3888
Go0370492,-13.71,-81.3888
Go0370493,-13.71,-81.3888
Go0370494,-13.71,-81.3888
Go0370495,-13.71,-81.3888
Go0370496,-13.71,-81.3888
Go0370497,-13,-82.2
Go0370498,-13.71,-81.3888
Go0370499,-13,-82.2
Go0370500,-13.71,-81.3888
Go0370501,-13.71,-81.3888
Go0370502,-13.71,-81.3888
Go0370503,-13.71,-81.3888
Go0370504,-13,-82.2
Go0370505,-22.3933,14.0318
Go0370506,-22.3933,14.0318
Go0370507,-22.3933,14.0318
Go0370508,-22.3933,14.0318
Go0370509,-22.3933,14.0318
Go0370510,-22.3933,14.0318
Go0370511,-22.3933,14.0318
Go0370512,-22.3933,14.0318
Go0370513,-22.3933,14.0318
Go0370514,-22.3933,14.0318
Go0370516,-22.3933,14.0318
Go0370517,-22.3933,14.0318
Go0370518,-22.3933,14.0318
Go0370519,-22.3933,14.0318
Go0370520,-22.3933,14.0318
Go0370521,-22.3933,14.0318
Go0370522,-22.3933,14.0318
Go0370523,-22.3933,14.0318
Go0370524,-22.3933,14.0318
Go0370525,-22.3933,14.0318
Go0370526,-22.3933,14.0318
Go0370527,-22.3933,14.0318
Go0370528,-22.3933,14.0318
Go0370529,-22.3933,14.0318
Go0370530,-22.3933,14.0318
Go0370531,-22.3933,14.0318
Go0370532,-22.3933,14.0318
Go0370533,-22.3933,14.0318
Go0370534,-22.3933,14.0318
Go0370535,-22.3933,14.0318
Go0370536,-22.3933,14.0318
Go0370537,-22.3933,14.0318
Go0370538,-22.3933,14.0318
Go0370539,-22.3933,14.0318
Go0370540,-22.3933,14.0318
Go0370541,-22.3933,14.0318
Go0370542,-22.3933,14.0318
Go0370543,18.9203,-104.8907
Go0370544,18.9203,-104.8907
Go0370545,18.9203,-104.8907
Go0370546,18.9203,-104.8907
Go0370547,18.9203,-104.8907
Go0370548,18.9203,-104.8907
Go0370549,-36.45,-73
Go0370550,-36.45,-73
Go0370551,-36.45,-73
Go0370552,-36.45,-73
Go0370553,-36.45,-73
Go0370554,-36.45,-73
Go0370555,-36.45,-73
Go0370556,-36.45,-73
Go0370557,-36.45,-73
Go0370559,-36.45,-73
Go0370560,-36.45,-73
Go0370561,-36.45,-73
Go0370562,-36.45,-73
Go0370563,-36.45,-73
Go0370564,-36.45,-73
Go0370565,-36.45,-73
Go0370566,-36.45,-73
Go0370567,-36.45,-73
Go0370568,-36.45,-73
Go0370569,-36.45,-73
Go0370570,-36.45,-73
Go0370571,-36.45,-73
Go0370572,-36.45,-73
Go0370573,-36.45,-73
Go0370574,-36.45,-73
Go0370575,-36.45,-73
Go0370576,-36.45,-73
Go0370577,-36.45,-73
Go0370578,-36.45,-73
Go0370579,-36.45,-73
Go0370580,-36.45,-73
Go0370582,46.041,-89.686
Go0370583,46.041,-89.686
Go0370584,46.041,-89.686
Go0370585,46.041,-89.686
Go0370586,46.041,-89.686
Go0370587,46.041,-89.686
Go0370588,46.041,-89.686
Go0370589,46.041,-89.686
Go0370590,46.041,-89.686
Go0370591,46.041,-89.686
Go0370592,46.041,-89.686
Go0370594,46.041,-89.686
Go0370595,43.099,-89.405
Go0370596,43.099,-89.405
Go0370597,43.099,-89.405
Go0370598,43.099,-89.405
Go0370599,43.099,-89.405
Go0370600,43.099,-89.405
Go0370601,43.099,-89.405
Go0370602,43.099,-89.405
Go0370603,43.099,-89.405
Go0370604,43.099,-89.405
Go0370605,43.099,-89.405
Go0370606,43.099,-89.405
Go0370607,43.099,-89.405
Go0370608,43.099,-89.405
Go0370609,43.099,-89.405
Go0370610,43.099,-89.405
Go0370611,43.099,-89.405
Go0370612,43.099,-89.405
Go0370613,43.099,-89.405
Go0370614,43.099,-89.405
Go0370615,43.099,-89.405
Go0370616,43.099,-89.405
Go0370617,43.099,-89.405
Go0370618,43.099,-89.405
Go0370619,43.099,-89.405
Go0370620,43.099,-89.405
Go0370621,43.099,-89.405
Go0370622,43.099,-89.405
Go0370623,43.099,-89.405
Go0370625,43.099,-89.405
Go0370626,43.099,-89.405
Go0370627,43.099,-89.405
Go0370628,43.099,-89.405
Go0370629,43.099,-89.405
Go0370630,46.041,-89.686
Go0370631,46.041,-89.686
Go0370632,46.041,-89.686
Go0370633,46.041,-89.686
Go0370634,46.041,-89.686
Go0370635,46.041,-89.686
Go0370636,46.041,-89.686
Go0370637,46.041,-89.686
Go0370638,46.041,-89.686
Go0370639,46.041,-89.686
Go0370640,46.041,-89.686
Go0370641,46.041,-89.686
Go0370642,46.041,-89.686
Go0370643,46.041,-89.686
Go0370644,43.099,-89.405
Go0370645,43.099,-89.405
Go0370646,43.099,-89.405
Go0370647,43.099,-89.405
Go0370648,43.099,-89.405
Go0370649,43.099,-89.405
Go0370650,43.099,-89.405
Go0370651,43.099,-89.405
Go0370652,43.099,-89.405
Go0370653,43.099,-89.405
Go0370654,43.099,-89.405
Go0370655,43.099,-89.405
Go0370656,43.099,-89.405
Go0370657,43.099,-89.405
Go0370658,43.099,-89.405
Go0370659,43.099,-89.405
Go0370660,43.099,-89.405
Go0370661,43.099,-89.405
Go0370662,43.099,-89.405
Go0370663,43.099,-89.405
Go0370664,43.099,-89.405
Go0370665,43.099,-89.405
Go0370666,43.099,-89.405
Go0370667,43.099,-89.405
Go0370668,43.099,-89.405
Go0370669,43.099,-89.405
Go0370670,43.099,-89.405
Go0370671,43.099,-89.405
Go0370672,43.099,-89.405
Go0370673,43.099,-89.405
Go0370674,43.099,-89.405
Go0370675,43.099,-89.405
Go0370676,43.099,-89.405
Go0370677,43.099,-89.405
Go0370868,34.5427907,-76.8687788
Go0370887,63.883,-145.733
Go0370888,63.883,-145.733
Go0370889,63.883,-145.733
Go0370891,40.0329,-105.5464
Go0370892,40.0329,-105.5464
Go0370893,40.0329,-105.5464
Go0370894,40.0329,-105.5464
Go0370895,40.0329,-105.5464
Go0370896,40.0329,-105.5464
Go0370904,22.7519,158.0072
Go0370905,22.7519,158.0075
Go0370914,46.041,-89.686
Go0370915,46.008,-89.701
Go0370916,46.008,-89.701
Go0370917,46.008,-89.701
Go0370918,46.041,-89.686
Go0370919,46.041,-89.686
Go0370920,46.008,-89.701
Go0370921,46.008,-89.701
Go0370922,46.008,-89.701
Go0370923,46.008,-89.701
Go0370924,46.008,-89.701
Go0370925,46.008,-89.701
Go0370926,43.099,-89.405
Go0370927,43.099,-89.405
Go0370928,46.041,-89.686
Go0370929,46.041,-89.686
Go0370930,46.008,-89.701
Go0370931,46.008,-89.701
Go0370932,46.008,-89.701
Go0370934,46.008,-89.701
Go0370935,46.008,-89.701
Go0370936,46.008,-89.701
Go0370937,43.099,-89.405
Go0370938,43.099,-89.405
Go0370941,46.008,-89.701
Go0370942,46.041,-89.686
Go0370943,46.041,-89.686
Go0370944,46.008,-89.701
Go0370945,46.041,-89.686
Go0370946,46.041,-89.686
Go0370947,46.008,-89.701
Go0370948,46.008,-89.701
Go0370949,43.099,-89.405
Go0370950,43.099,-89.405
Go0370951,43.099,-89.405
Go0370952,43.099,-89.405
Go0370953,46.041,-89.686
Go0370954,46.008,-89.701
Go0370955,46.041,-89.686
Go0370956,46.041,-89.686
Go0370957,46.008,-89.701
Go0370958,46.008,-89.701
Go0370961,2.1124,-76.4319
Go0370977,38.7718,-105.0177
Go0370978,39.3202,-121.377
Go0370980,46.6959,-92.3308
Go0370985,55.690867,12.581062
Go0370989,-21.1641,-47.8571
Go0372974,60.1461194276,24.9619674683
Go0373307,46.041,-89.686
Go0373308,46.041,-89.686
Go0373309,46.041,-89.686
Go0373311,46.041,-89.686
Go0373312,46.041,-89.686
Go0373313,46.041,-89.686
Go0373314,46.041,-89.686
Go0373315,46.041,-89.686
Go0373316,46.041,-89.686
Go0373322,46.008,-89.701
Go0373323,46.008,-89.701
Go0373324,46.008,-89.701
Go0373325,46.008,-89.701
Go0373326,46.008,-89.701
Go0373327,46.008,-89.701
Go0373328,46.008,-89.701
Go0373329,46.008,-89.701
Go0373330,46.008,-89.701
Go0373331,46.008,-89.701
Go0373332,46.008,-89.701
Go0373334,46.008,-89.701
Go0373335,46.008,-89.701
Go0373337,46.008,-89.701
Go0373339,43.099,-89.405
Go0373340,43.099,-89.405
Go0373341,43.099,-89.405
Go0373342,43.099,-89.405
Go0373343,43.099,-89.405
Go0373344,43.099,-89.405
Go0373345,46.008,-89.701
Go0373346,46.008,-89.701
Go0373347,46.008,-89.701
Go0373348,46.041,-89.686
Go0373349,43.099,-89.405
Go0373355,52.95,-119.41666
Go0373390,25.05,94.33
Go0373434,34.29,-79.74
Go0373435,34.29,-79.74
Go0373481,46.041,-89.686
Go0373482,46.041,-89.686
Go0373485,40.787143,-77.858309
Go0383102,54.1883,7.9
Go0383142,10.9392,-105.6561
Go0383143,10.9392,-105.6561
Go0383144,10.9392,-105.6561
Go0383145,10.9392,-105.6561
Go0383146,10.9392,-105.6561
Go0383148,10.9392,-105.6561
Go0383151,10.9392,-105.6561
Go0383152,10.9392,-105.6561
Go0383154,10.9392,-105.6561
Go0383155,10.9392,-105.6561
Go0383156,10.9392,-105.6561
Go0383157,10.9392,-105.6561
Go0383158,10.9392,-105.6561
Go0383159,10.9392,-105.6561
Go0383161,10.9392,-105.6561
Go0383162,10.9392,-105.6561
Go0383163,10.9392,-105.6561
Go0383164,10.9392,-105.6561
Go0383167,10.9392,-105.6561
Go0383168,10.9392,-105.6561
Go0383171,10.9392,-105.6561
Go0383172,10.9392,-105.6561
Go0383174,10.9392,-105.6561
Go0383176,10.9392,-105.6561
Go0383177,10.9392,-105.6561
Go0383178,10.9392,-105.6561
Go0383179,10.9392,-105.6561
Go0383180,10.9392,-105.6561
Go0383181,10.9392,-105.6561
Go0383183,10.9392,-105.6561
Go0383184,10.9392,-105.6561
Go0383185,10.9392,-105.6561
Go0383186,10.9392,-105.6561
Go0383187,10.9392,-105.6561
Go0384379,40.7024,-122.338
Go0384707,48.5708,-78.2553
Go0385143,20.7232,-101.3374
Go0385144,21.766,-100.163
Go0385145,21.766,-100.163
Go0385146,21.195,-100.439
Go0385400,36.0208,-78.9892
Go0386428,57.4344,16.66
Go0386429,57.4344,16.66
Go0386430,57.4344,16.66
Go0386431,57.4344,16.66
Go0386432,57.4344,16.66
Go0386433,57.4344,16.66
Go0386434,57.4344,16.66
Go0386435,57.4344,16.66
Go0386436,57.4344,16.66
Go0386437,57.4344,16.66
Go0386438,57.4344,16.66
Go0386439,57.4344,16.66
Go0386440,57.4344,16.66
Go0386441,57.4344,16.66
Go0386442,57.4344,16.66
Go0386443,57.4344,16.66
Go0386444,57.4344,16.66
Go0386445,57.4344,16.66
Go0386446,57.4344,16.66
Go0386447,57.4344,16.66
Go0386448,57.4344,16.66
Go0386449,57.4344,16.66
Go0386450,57.4344,16.66
Go0386451,57.4344,16.66
Go0386452,57.4344,16.66
Go0386453,57.4344,16.66
Go0386454,57.4344,16.66
Go0386455,57.4344,16.66
Go0386456,57.4344,16.66
Go0386457,57.4344,16.66
Go0386458,57.4344,16.66
Go0386460,57.4344,16.66
Go0386461,57.4344,16.66
Go0386462,57.4344,16.66
Go0386463,57.4344,16.66
Go0386464,57.4344,16.66
Go0386465,57.4344,16.66
Go0386466,57.4344,16.66
Go0386467,57.4344,16.66
Go0386468,57.4344,16.66
Go0386470,57.4344,16.66
Go0386471,57.4344,16.66
Go0386472,57.4344,16.66
Go0386473,57.4344,16.66
Go0386474,57.4344,16.66
Go0386475,57.4344,16.66
Go0386476,57.4344,16.66
Go0386477,57.4344,16.66
Go0386479,57.4344,16.66
Go0386480,57.4344,16.66
Go0386481,57.4344,16.66
Go0386482,57.4344,16.66
Go0386483,57.4344,16.66
Go0386484,57.4344,16.66
Go0386485,57.4344,16.66
Go0386486,57.4344,16.66
Go0386487,57.4344,16.66
Go0386488,57.4344,16.66
Go0386489,57.4344,16.66
Go0386491,57.4344,16.66
Go0386492,57.4344,16.66
Go0386493,57.4344,16.66
Go0386494,57.4344,16.66
Go0386495,57.4344,16.66
Go0386496,57.4344,16.66
Go0386497,57.4344,16.66
Go0386498,57.4344,16.66
Go0386499,57.4344,16.66
Go0386500,57.4344,16.66
Go0386501,57.4344,16.66
Go0386502,57.4344,16.66
Go0386503,57.4344,16.66
Go0386504,57.4344,16.66
Go0386505,57.4344,16.66
Go0386506,57.4344,16.66
Go0386507,57.4344,16.66
Go0386508,57.4344,16.66
Go0386509,57.4344,16.66
Go0386510,57.4344,16.66
Go0386511,57.4344,16.66
Go0386512,57.4344,16.66
Go0386513,57.4344,16.66
Go0386514,57.4344,16.66
Go0386515,57.4344,16.66
Go0386516,57.4344,16.66
Go0386517,57.4344,16.66
Go0386518,57.4344,16.66
Go0386519,57.4344,16.66
Go0386520,57.4344,16.66
Go0386521,57.4344,16.66
Go0386522,57.4344,16.66
Go0386523,57.4344,16.66
Go0386524,57.4344,16.66
Go0386525,57.4344,16.66
Go0386526,57.4344,16.66
Go0386527,57.4344,16.66
Go0386528,57.4344,16.66
Go0386529,57.4344,16.66
Go0386530,57.4344,16.66
Go0386531,57.4344,16.66
Go0386532,57.4344,16.66
Go0386533,57.4344,16.66
Go0386534,57.4344,16.66
Go0386535,57.4344,16.66
Go0386536,57.4344,16.66
Go0386537,57.4344,16.66
Go0386538,57.4344,16.66
Go0386539,57.4344,16.66
Go0386540,57.4344,16.66
Go0386541,57.4344,16.66
Go0386542,57.4344,16.66
Go0386543,57.4344,16.66
Go0386544,57.4344,16.66
Go0386545,57.4344,16.66
Go0386546,57.4344,16.66
Go0386547,57.4344,16.66
Go0386548,57.4344,16.66
Go0386549,57.4344,16.66
Go0386550,57.4344,16.66
Go0386551,57.4344,16.66
Go0386552,57.4344,16.66
Go0386553,57.4344,16.66
Go0388272,29.8473,-99.5734
Go0388273,29.6235,-103.1162
Go0388274,29.2736,-103.3375
Go0388275,30.9183,-97.6581
Go0388276,29.7213,-98.3542
Go0388277,32.1279,-97.5595
Go0388278,30.5468,-98.1562
Go0388279,31.8063,-99.2348
Go0388280,34.4373,-101.0568
Go0388281,30.1915,-98.012
Go0388282,29.8593,-98.6939
Go0388283,30.0397,-99.3973
Go0388284,28.5835,-100.1117
Go0388285,27.5683,-97.7955
Go0388286,26.0199,-97.4745
Go0388287,19.8946,-101.4284
Go0388288,19.6933,-101.1311
Go0388289,28.57,-99.5245
Go0388290,28.6069,-98.2219
Go0388291,28.824,-98.6932
Go0388292,28.824,-98.6932
Go0388293,22.863,-98.2296
Go0388909,40.5,-78.016
Go0388910,40.5,-78.016
Go0388911,40.5,-78.016
Go0388912,40.5,-78.016
Go0388913,40.5,-78.016
Go0388914,40.5,-78.016
Go0388915,40.5,-78.016
Go0388916,40.5,-78.016
Go0388917,40.5,-78.016
Go0388918,40.5,-78.016
Go0388919,40.5,-78.016
Go0388920,40.5,-78.016
Go0388921,40.5,-78.016
Go0388922,40.5,-78.016
Go0388923,40.5,-78.016
Go0388924,40.5,-78.016
Go0388925,40.5,-78.016
Go0388926,40.5,-78.016
Go0388927,40.5,-78.016
Go0388928,40.5,-78.016
Go0388929,40.5,-78.016
Go0388930,40.5,-78.016
Go0388931,40.5,-78.016
Go0388932,40.5,-78.016
Go0388933,40.5,-78.016
Go0388934,40.5,-78.016
Go0388935,40.5,-78.016
Go0388936,40.5,-78.016
Go0388937,40.5,-78.016
Go0388938,40.5,-78.016
Go0388939,40.5,-78.016
Go0388940,40.5,-78.016
Go0388941,40.5,-78.016
Go0388942,40.5,-78.016
Go0388943,40.5,-78.016
Go0388944,40.5,-78.016
Go0388945,40.5,-78.016
Go0388946,40.5,-78.016
Go0388947,40.5,-78.016
Go0388948,40.5,-78.016
Go0388949,40.5,-78.016
Go0388950,40.5,-78.016
Go0388951,40.5,-78.016
Go0388952,40.5,-78.016
Go0388953,40.5,-78.016
Go0388954,40.5,-78.016
Go0388955,40.5,-78.016
Go0388956,40.5,-78.016
Go0388957,40.5,-78.016
Go0388958,40.5,-78.016
Go0388959,40.5,-78.016
Go0388960,40.5,-78.016
Go0388961,40.5,-78.016
Go0388962,40.5,-78.016
Go0388963,40.5,-78.016
Go0388964,40.5,-78.016
Go0388965,40.5,-78.016
Go0388966,40.5,-78.016
Go0388967,40.5,-78.016
Go0388968,40.5,-78.016
Go0388969,40.5,-78.016
Go0388970,40.5,-78.016
Go0388971,40.5,-78.016
Go0388972,40.5,-78.016
Go0388973,40.5,-78.016
Go0388974,40.5,-78.016
Go0388975,40.5,-78.016
Go0388976,37.8719,-122.258
Go0389078,46.0993,-123.2086
Go0389079,46.0993,-123.2086
Go0389080,46.0993,-123.2086
Go0389081,46.0993,-123.2086
Go0389082,46.0993,-123.2086
Go0389083,46.0993,-123.2086
Go0389084,46.0993,-123.2086
Go0389085,46.0993,-123.2086
Go0389086,46.0993,-123.2086
Go0389087,46.0993,-123.2086
Go0389088,46.0993,-123.2086
Go0389089,46.0993,-123.2086
Go0389090,46.0993,-123.2086
Go0389091,46.0993,-123.2086
Go0389092,46.0993,-123.2086
Go0389093,46.0993,-123.2086
Go0389094,46.0993,-123.2086
Go0389095,46.0993,-123.2086
Go0389096,46.0993,-123.2086
Go0389097,46.0993,-123.2086
Go0389098,46.0993,-123.2086
Go0389099,46.0993,-123.2086
Go0389100,46.0993,-123.2086
Go0389101,46.0993,-123.2086
Go0389102,46.0993,-123.2086
Go0389103,46.0993,-123.2086
Go0389104,46.0993,-123.2086
Go0389105,46.0993,-123.2086
Go0389106,46.0993,-123.2086
Go0389107,46.0993,-123.2086
Go0389108,46.0993,-123.2086
Go0389109,46.0993,-123.2086
Go0389110,46.0993,-123.2086
Go0389111,46.0993,-123.2086
Go0389112,46.0993,-123.2086
Go0389113,46.0993,-123.2086
Go0389114,46.0993,-123.2086
Go0389115,46.0993,-123.2086
Go0389116,46.0993,-123.2086
Go0389117,46.0993,-123.2086
Go0389118,46.0993,-123.2086
Go0389119,46.0993,-123.2086
Go0389120,46.0993,-123.2086
Go0389121,46.0993,-123.2086
Go0389122,46.0993,-123.2086
Go0389123,46.0993,-123.2086
Go0389124,46.0993,-123.2086
Go0389125,46.0993,-123.2086
Go0389126,46.0993,-123.2086
Go0389127,46.0993,-123.2086
Go0389128,46.0993,-123.2086
Go0389129,46.0993,-123.2086
Go0389130,46.0993,-123.2086
Go0389131,46.0993,-123.2086
Go0389132,46.0993,-123.2086
Go0389133,46.0993,-123.2086
Go0389134,46.0993,-123.2086
Go0389135,46.0993,-123.2086
Go0389136,46.0993,-123.2086
Go0389137,46.0993,-123.2086
Go0389138,46.0993,-123.2086
Go0389139,46.0993,-123.2086
Go0389140,46.0993,-123.2086
Go0389141,46.0993,-123.2086
Go0389142,46.0993,-123.2086
Go0389143,46.0993,-123.2086
Go0389144,46.0993,-123.2086
Go0389145,46.0993,-123.2086
Go0389146,46.0993,-123.2086
Go0389147,46.0993,-123.2086
Go0389148,46.0993,-123.2086
Go0389149,46.0993,-123.2086
Go0389150,46.0993,-123.2086
Go0389151,46.0993,-123.2086
Go0389152,46.0993,-123.2086
Go0389153,46.0993,-123.2086
Go0389154,46.0993,-123.2086
Go0389155,46.0993,-123.2086
Go0389156,46.0993,-123.2086
Go0389157,46.0993,-123.2086
Go0389158,46.0993,-123.2086
Go0389159,46.0993,-123.2086
Go0389160,46.0993,-123.2086
Go0389161,46.0993,-123.2086
Go0389162,46.0993,-123.2086
Go0389163,46.0993,-123.2086
Go0389164,46.0993,-123.2086
Go0389165,46.0993,-123.2086
Go0389166,46.0993,-123.2086
Go0389167,46.0993,-123.2086
Go0389168,46.0993,-123.2086
Go0389169,46.0993,-123.2086
Go0389170,46.0993,-123.2086
Go0389171,46.0993,-123.2086
Go0389172,46.0993,-123.2086
Go0389173,46.0993,-123.2086
Go0389174,46.0993,-123.2086
Go0389175,46.0993,-123.2086
Go0389176,46.0993,-123.2086
Go0389177,46.0993,-123.2086
Go0389178,46.0993,-123.2086
Go0389179,46.0993,-123.2086
Go0389180,46.0993,-123.2086
Go0389181,46.0993,-123.2086
Go0389182,46.0993,-123.2086
Go0389183,46.0993,-123.2086
Go0389184,46.0993,-123.2086
Go0389185,46.0993,-123.2086
Go0389186,46.0993,-123.2086
Go0389187,46.0993,-123.2086
Go0389188,46.0993,-123.2086
Go0389189,46.0993,-123.2086
Go0389190,46.0993,-123.2086
Go0389191,46.0993,-123.2086
Go0389192,46.0993,-123.2086
Go0389193,46.0993,-123.2086
Go0389194,46.0993,-123.2086
Go0389195,46.0993,-123.2086
Go0389196,46.0993,-123.2086
Go0389197,46.0993,-123.2086
Go0389198,46.0993,-123.2086
Go0389199,46.0993,-123.2086
Go0389200,46.0993,-123.2086
Go0389201,46.0993,-123.2086
Go0389202,46.0993,-123.2086
Go0389203,46.0993,-123.2086
Go0389204,46.0993,-123.2086
Go0389205,46.0993,-123.2086
Go0389206,46.0993,-123.2086
Go0389207,46.0993,-123.2086
Go0389208,46.0993,-123.2086
Go0389209,46.0993,-123.2086
Go0389210,46.0993,-123.2086
Go0389211,46.0993,-123.2086
Go0389212,46.0993,-123.2086
Go0389213,46.0993,-123.2086
Go0389214,46.0993,-123.2086
Go0389215,46.0993,-123.2086
Go0389216,46.0993,-123.2086
Go0389217,46.0993,-123.2086
Go0389218,46.0993,-123.2086
Go0389219,46.0993,-123.2086
Go0389220,46.0993,-123.2086
Go0389221,46.0993,-123.2086
Go0389222,46.0993,-123.2086
Go0389223,46.0993,-123.2086
Go0389224,46.0993,-123.2086
Go0389225,46.0993,-123.2086
Go0389226,46.0993,-123.2086
Go0389227,46.0993,-123.2086
Go0389228,46.0993,-123.2086
Go0389229,46.0993,-123.2086
Go0389230,46.0993,-123.2086
Go0389231,46.0993,-123.2086
Go0389232,46.0993,-123.2086
Go0389233,46.0993,-123.2086
Go0389234,46.0993,-123.2086
Go0389235,46.0993,-123.2086
Go0389236,46.0993,-123.2086
Go0389237,46.0993,-123.2086
Go0389238,46.0993,-123.2086
Go0389239,46.0993,-123.2086
Go0389240,46.0993,-123.2086
Go0389241,46.0993,-123.2086
Go0389242,46.0993,-123.2086
Go0389243,46.0993,-123.2086
Go0389244,46.0993,-123.2086
Go0389245,46.0993,-123.2086
Go0389246,46.0993,-123.2086
Go0389247,46.0993,-123.2086
Go0389248,46.0993,-123.2086
Go0389249,46.0993,-123.2086
Go0389250,46.0993,-123.2086
Go0389251,46.0993,-123.2086
Go0389252,46.0993,-123.2086
Go0389253,46.0993,-123.2086
Go0389254,46.0993,-123.2086
Go0389255,46.0993,-123.2086
Go0389256,46.0993,-123.2086
Go0389257,46.0993,-123.2086
Go0389258,46.0993,-123.2086
Go0389259,46.0993,-123.2086
Go0389260,46.0993,-123.2086
Go0389261,46.0993,-123.2086
Go0389262,46.0993,-123.2086
Go0389263,46.0993,-123.2086
Go0389264,46.0993,-123.2086
Go0389265,46.0993,-123.2086
Go0389266,46.0993,-123.2086
Go0389267,46.0993,-123.2086
Go0389268,46.0993,-123.2086
Go0389269,46.0993,-123.2086
Go0389270,46.0993,-123.2086
Go0389271,46.0993,-123.2086
Go0389272,46.0993,-123.2086
Go0389273,46.0993,-123.2086
Go0389274,46.0993,-123.2086
Go0389275,46.0993,-123.2086
Go0389276,46.0993,-123.2086
Go0389277,46.0993,-123.2086
Go0389278,46.0993,-123.2086
Go0389279,46.0993,-123.2086
Go0389280,46.0993,-123.2086
Go0389281,46.0993,-123.2086
Go0389282,46.0993,-123.2086
Go0389283,46.0993,-123.2086
Go0389284,46.0993,-123.2086
Go0389285,46.0993,-123.2086
Go0389286,46.0993,-123.2086
Go0389287,46.0993,-123.2086
Go0389288,46.0993,-123.2086
Go0389289,46.0993,-123.2086
Go0389290,46.0993,-123.2086
Go0389291,46.0993,-123.2086
Go0389292,46.0993,-123.2086
Go0389293,46.0993,-123.2086
Go0389294,46.0993,-123.2086
Go0389295,46.0993,-123.2086
Go0389296,46.0993,-123.2086
Go0389297,46.0993,-123.2086
Go0389298,46.0993,-123.2086
Go0389299,46.0993,-123.2086
Go0389300,46.0993,-123.2086
Go0389301,46.0993,-123.2086
Go0389302,46.0993,-123.2086
Go0389303,46.0993,-123.2086
Go0389304,46.0993,-123.2086
Go0389305,46.0993,-123.2086
Go0389306,46.0993,-123.2086
Go0389307,46.0993,-123.2086
Go0389308,46.0993,-123.2086
Go0389309,46.0993,-123.2086
Go0389310,46.0993,-123.2086
Go0389311,46.0993,-123.2086
Go0389312,46.0993,-123.2086
Go0389313,46.0993,-123.2086
Go0389314,46.0993,-123.2086
Go0389315,46.0993,-123.2086
Go0389316,46.0993,-123.2086
Go0389317,46.0993,-123.2086
Go0389318,46.0993,-123.2086
Go0389319,46.0993,-123.2086
Go0389320,46.0993,-123.2086
Go0389321,46.0993,-123.2086
Go0389322,46.0993,-123.2086
Go0389323,46.0993,-123.2086
Go0389324,46.0993,-123.2086
Go0389727,57.057,-111.6
Go0389728,57.057,-111.6
Go0389729,57.057,-111.6
Go0389730,57.057,-111.6
Go0389731,57.057,-111.6
Go0389732,57.057,-111.6
Go0389734,57.057,-111.6
Go0389735,57.057,-111.6
Go0389736,57.057,-111.6
Go0389737,57.057,-111.6
Go0389739,57.057,-111.6
Go0389740,57.057,-111.6
Go0389743,57.057,-111.6
Go0389744,57.057,-111.6
Go0389745,57.057,-111.6
Go0389749,57.057,-111.6
Go0389752,57.057,-111.6
Go0389846,45.407,-93.199
Go0389847,39.2142,-105.064
Go0389963,-22.8461,-48.4334
Go0391313,36.6008,-119.5108
Go0391316,36.6008,-119.5108
Go0391318,36.6008,-119.5108
Go0391320,36.6008,-119.5108
Go0391321,36.6008,-119.5108
Go0391323,36.6008,-119.5108
Go0391325,36.6008,-119.5108
Go0391326,36.6008,-119.5108
Go0391603,55.3288,-162.8212
Go0391604,55.3288,-162.8212
Go0391605,55.3288,-162.8212
Go0391606,55.3288,-162.8212
Go0391607,55.3288,-162.8212
Go0391608,55.3288,-162.8212
Go0391609,55.3288,-162.8212
Go0391610,55.3288,-162.8212
Go0391611,55.3288,-162.8212
Go0391612,55.3288,-162.8212
Go0391613,55.3288,-162.8212
Go0391614,55.3288,-162.8212
Go0391615,64.4854,-164.7618
Go0391616,64.4854,-164.7618
Go0391617,64.4854,-164.7618
Go0391618,64.4854,-164.7618
Go0391619,64.4854,-164.7618
Go0391620,64.4854,-164.7618
Go0391621,64.4854,-164.7618
Go0391622,64.4854,-164.7618
Go0391623,64.4854,-164.7618
Go0391624,64.4854,-164.7618
Go0391625,64.4854,-164.7618
Go0391626,38.3197,-123.0551
Go0391627,38.3197,-123.0551
Go0391628,38.3197,-123.0551
Go0391629,38.3197,-123.0551
Go0391630,38.3197,-123.0551
Go0391631,38.3197,-123.0551
Go0391632,38.3197,-123.0551
Go0391633,38.3197,-123.0551
Go0391634,38.3197,-123.0551
Go0391635,38.3197,-123.0551
Go0391636,38.3197,-123.0551
Go0391637,38.3197,-123.0551
Go0391638,38.3197,-123.0551
Go0391639,38.3197,-123.0551
Go0391640,38.3197,-123.0551
Go0391642,38.3197,-123.0551
Go0391643,38.3197,-123.0551
Go0391644,38.3197,-123.0551
Go0391645,38.3197,-123.0551
Go0391646,38.3197,-123.0551
Go0391647,38.3197,-123.0551
Go0391648,38.3197,-123.0551
Go0391649,38.3197,-123.0551
Go0391650,38.3197,-123.0551
Go0391651,38.3197,-123.0551
Go0391652,38.3197,-123.0551
Go0391653,38.3197,-123.0551
Go0391654,38.3197,-123.0551
Go0391655,38.3197,-123.0551
Go0391656,38.3197,-123.0551
Go0391657,38.3197,-123.0551
Go0391658,38.3197,-123.0551
Go0391659,38.3197,-123.0551
Go0391660,38.3197,-123.0551
Go0391661,38.3197,-123.0551
Go0391662,43.0211,144.9032
Go0391663,43.0211,144.9032
Go0391664,43.0211,144.9032
Go0391665,43.0211,144.9032
Go0391666,43.0211,144.9032
Go0391667,43.0211,144.9032
Go0391668,43.0211,144.9032
Go0391669,43.0211,144.9032
Go0391670,43.0211,144.9032
Go0391671,43.0211,144.9032
Go0391672,43.0211,144.9032
Go0391673,43.0211,144.9032
Go0391674,34.2978,132.9163
Go0391675,34.2978,132.9163
Go0391676,34.2978,132.9163
Go0391677,34.2978,132.9163
Go0391678,34.2978,132.9163
Go0391679,34.2978,132.9163
Go0391680,34.2978,132.9163
Go0391681,34.2978,132.9163
Go0391682,34.2978,132.9163
Go0391683,34.2978,132.9163
Go0391684,34.2978,132.9163
Go0391685,34.2978,132.9163
Go0391686,42.4201,-70.9154
Go0391687,42.4201,-70.9154
Go0391688,42.4201,-70.9154
Go0391689,42.4201,-70.9154
Go0391690,42.4201,-70.9154
Go0391691,42.4201,-70.9154
Go0391692,42.4201,-70.9154
Go0391693,42.4201,-70.9154
Go0391694,42.4201,-70.9154
Go0391695,42.4201,-70.9154
Go0391696,42.4201,-70.9154
Go0391697,42.4201,-70.9154
Go0391698,34.6924,-76.6225
Go0391699,34.6924,-76.6225
Go0391700,34.6924,-76.6225
Go0391701,34.6924,-76.6225
Go0391702,34.6924,-76.6225
Go0391703,34.6924,-76.6225
Go0391704,34.6924,-76.6225
Go0391705,34.6924,-76.6225
Go0391706,34.6924,-76.6225
Go0391707,34.6924,-76.6225
Go0391708,34.6924,-76.6225
Go0391709,34.6924,-76.6225
Go0391710,49.1123,-68.1759
Go0391711,49.1123,-68.1759
Go0391712,49.1123,-68.1759
Go0391714,49.1123,-68.1759
Go0391715,49.1123,-68.1759
Go0391716,49.1123,-68.1759
Go0391717,49.1123,-68.1759
Go0391718,49.1123,-68.1759
Go0391719,49.1123,-68.1759
Go0391720,49.1123,-68.1759
Go0391721,49.1123,-68.1759
Go0391722,32.7137,-117.2254
Go0391723,32.7137,-117.2254
Go0391724,32.7137,-117.2254
Go0391725,32.7137,-117.2254
Go0391726,32.7137,-117.2254
Go0391727,32.7137,-117.2254
Go0391728,32.7137,-117.2254
Go0391729,32.7137,-117.2254
Go0391730,32.7137,-117.2254
Go0391731,32.7137,-117.2254
Go0391732,32.7137,-117.2254
Go0391733,32.7137,-117.2254
Go0391734,46.474,-124.028
Go0391735,46.474,-124.028
Go0391736,46.474,-124.028
Go0391737,46.474,-124.028
Go0391738,46.474,-124.028
Go0391739,46.474,-124.028
Go0391740,46.474,-124.028
Go0391741,46.474,-124.028
Go0391742,46.474,-124.028
Go0391743,46.474,-124.028
Go0391744,46.474,-124.028
Go0391745,46.474,-124.028
Go0391748,31.97,30.14
Go0391770,64.4854,-164.7618
Go0391771,41.2451,-76.9855
Go0391892,-41.4342,145.712
Go0401092,41.2451,-76.9855
Go0401093,41.2451,-76.9855
Go0401094,41.2451,-76.9855
Go0401096,41.2451,-76.9855
Go0401099,41.2451,-76.9855
Go0401100,41.2451,-76.9855
Go0401101,41.2451,-76.9855
Go0401103,41.2451,-76.9855
Go0401104,41.2451,-76.9855
Go0401106,41.2451,-76.9855
Go0401107,41.2451,-76.9855
Go0401108,41.2451,-76.9855
Go0401109,41.2451,-76.9855
Go0401111,41.2451,-76.9855
Go0401113,41.2451,-76.9855
Go0401114,41.2451,-76.9855
Go0401115,41.2451,-76.9855
Go0401119,41.2451,-76.9855
Go0401120,41.2451,-76.9855
Go0401122,41.2451,-76.9855
Go0401127,41.2451,-76.9855
Go0401129,41.2451,-76.9855
Go0401130,41.2451,-76.9855
Go0401131,41.2451,-76.9855
Go0401132,41.2451,-76.9855
Go0401135,41.2451,-76.9855
Go0401139,41.2451,-76.9855
Go0401141,41.2451,-76.9855
Go0401152,-6.1786,29.658
Go0401153,-6.1786,29.658
Go0401154,-6.1786,29.658
Go0401155,-6.1786,29.658
Go0401156,-6.1786,29.658
Go0401157,-6.1786,29.658
Go0401158,-4.9054,29.4853
Go0401159,-4.9054,29.4853
Go0401160,-4.9054,29.4853
Go0401161,-4.9054,29.4853
Go0401162,-4.9054,29.4853
Go0401163,-4.9054,29.4853
Go0401164,-6.1786,29.658
Go0401165,-6.1786,29.658
Go0401166,-6.1786,29.658
Go0401167,-6.1786,29.658
Go0401168,-6.1786,29.658
Go0401169,-4.9054,29.4853
Go0401170,-4.9054,29.4853
Go0401171,-4.9054,29.4853
Go0401172,-4.9054,29.4853
Go0401173,-4.9054,29.4853
Go0401174,-6.1786,29.658
Go0401175,-4.9054,29.4853
Go0401176,-4.9054,29.4853
Go0401177,-6.1786,29.658
Go0401178,-4.9054,29.4853
Go0401179,-4.9054,29.4853
Go0401180,-4.9054,29.4853
Go0401181,-6.1786,29.658
Go0401182,-6.1786,29.658
Go0401183,-6.1786,29.658
Go0401184,-6.1786,29.658
Go0401185,-4.9054,29.4853
Go0401186,-4.9054,29.4853
Go0401187,-4.9054,29.4853
Go0401188,-4.9054,29.4853
Go0401189,-6.1786,29.658
Go0401190,-4.9054,29.4853
Go0401191,-4.9054,29.4853
Go0401192,-6.1786,29.658
Go0401193,-4.9054,29.4853
Go0401194,-6.1786,29.658
Go0401195,-6.1786,29.658
Go0401196,-6.1786,29.658
Go0401197,-6.1786,29.658
Go0401198,-4.9054,29.4853
Go0401199,-4.9054,29.4853
Go0401201,37.0142,7.4932
Go0401202,37.0142,7.4932
Go0401203,37.0142,7.4932
Go0401204,37.0142,7.4932
Go0401205,37.0142,7.4932
Go0401206,37.0142,7.4932
Go0401207,37.0142,7.4932
Go0401208,37.0142,7.4932
Go0401209,37.0142,7.4932
Go0401210,37.0142,7.4932
Go0401211,37.0142,7.4932
Go0401212,43.447,3.6615
Go0401213,43.447,3.6615
Go0401214,43.447,3.6615
Go0401215,43.447,3.6615
Go0401216,43.447,3.6615
Go0401217,43.447,3.6615
Go0401218,43.447,3.6615
Go0401219,43.447,3.6615
Go0401220,43.447,3.6615
Go0401221,43.447,3.6615
Go0401222,43.447,3.6615
Go0401223,43.447,3.6615
Go0401224,44.2116,15.4906
Go0401225,44.2116,15.4906
Go0401226,44.2116,15.4906
Go0401227,44.2116,15.4906
Go0401228,44.2116,15.4906
Go0401229,44.2116,15.4906
Go0401230,44.2116,15.4906
Go0401231,44.2116,15.4906
Go0401232,44.2116,15.4906
Go0401233,44.2116,15.4906
Go0401234,44.2116,15.4906
Go0401235,44.2116,15.4906
Go0401236,52.9907,4.4503
Go0401237,52.9907,4.4503
Go0401238,52.9907,4.4503
Go0401239,52.9907,4.4503
Go0401240,52.9907,4.4503
Go0401241,52.9907,4.4503
Go0401242,52.9907,4.4503
Go0401243,52.9907,4.4503
Go0401244,52.9907,4.4503
Go0401245,52.9907,4.4503
Go0401246,52.9907,4.4503
Go0401247,52.9907,4.4503
Go0401248,58.31,11.5488
Go0401249,58.31,11.5488
Go0401250,58.31,11.5488
Go0401251,58.31,11.5488
Go0401252,58.31,11.5488
Go0401253,58.31,11.5488
Go0401254,58.31,11.5488
Go0401255,58.31,11.5488
Go0401256,58.31,11.5488
Go0401257,58.31,11.5488
Go0401258,58.31,11.5488
Go0401259,58.31,11.5488
Go0401260,67.2679,15.2572
Go0401261,67.2679,15.2572
Go0401262,67.2679,15.2572
Go0401263,67.2679,15.2572
Go0401264,67.2679,15.2572
Go0401265,67.2679,15.2572
Go0401266,67.2679,15.2572
Go0401267,67.2679,15.2572
Go0401268,67.2679,15.2572
Go0401269,67.2679,15.2572
Go0401270,67.2679,15.2572
Go0401271,67.2679,15.2572
Go0402461,34.201885,126.213478
Go0402558,42.4439,-76.5018
Go0402559,30.0665,-90.48
Go0402560,30.4582,-91.1403
Go0402561,42.4184,-71.1061
Go0402562,42.2817,-85.5765
Go0402563,42.9469,-89.6559
Go0402564,43.7844,-88.7878
Go0402565,43.7844,-88.7878
Go0402567,40.0583,-74.4056
Go0402568,37.8962,-82.0165
Go0402569,34.6222,-93.8025
Go0402570,34.5216,-94.6247
Go0402571,34.5216,-94.6247
Go0402572,34.5216,-94.6247
Go0402573,53.0038,-2.2873
Go0402574,53.0038,-2.2873
Go0402575,53.0038,-2.2873
Go0402576,-28.2423,28.3111
Go0402577,16.4774,120.5854
Go0402578,26.8466,80.9461
Go0402579,25.4358,81.8463
Go0402580,25.4358,81.8463
Go0402581,22.2748,114.1517
Go0402582,52.1082,9.3621
Go0402583,47.1805,10.1143
Go0403206,41.9,-77.37
Go0403207,41.9,-77.37
Go0403208,41.77,-77.09
Go0403209,28.885,-97.9
Go0403285,32.7357,-97.1081
Go0403286,33.2148,-97.1331
Go0411473,12,-69
Go0411489,12,-69
Go0411499,47.2256,-95.1909
Go0411500,48.1705,-94.5118
Go0412096,36.6008,-119.5108
Go0418769,47.957498,-122.529373
Go0446169,42.54,-72.18
Go0446170,42.54,-72.18
Go0446171,42.54,-72.18
Go0446172,42.54,-72.18
Go0446173,42.54,-72.18
Go0446175,42.54,-72.18
Go0446176,42.54,-72.18
Go0446177,42.54,-72.18
Go0446178,42.54,-72.18
Go0446179,42.54,-72.18
Go0446180,42.54,-72.18
Go0446181,42.54,-72.18
Go0446182,42.54,-72.18
Go0446183,42.54,-72.18
Go0446184,42.54,-72.18
Go0446185,42.54,-72.18
Go0446186,42.54,-72.18
Go0446217,42.5402,-72.1811
Go0446218,42.5402,-72.1811
Go0452807,38.3794,-122.2846
Go0452808,38.3794,-122.2846
Go0452810,38.3794,-122.2846
Go0452811,38.3794,-122.2846
Go0452812,38.3794,-122.2846
Go0452813,38.3794,-122.2846
Go0452814,38.3794,-122.2846
Go0452815,38.3794,-122.2846
Go0452817,38.3794,-122.2846
Go0452818,38.3794,-122.2846
Go0452819,38.3794,-122.2846
Go0452820,38.3794,-122.2846
Go0452821,38.3794,-122.2846
Go0452822,38.3794,-122.2846
Go0452823,38.3794,-122.2846
Go0452824,38.3794,-122.2846
Go0452825,38.3794,-122.2846
Go0452826,38.3794,-122.2846
Go0452827,38.3794,-122.2846
Go0452828,38.3794,-122.2846
Go0452829,38.3794,-122.2846
Go0452830,38.3794,-122.2846
Go0452831,38.3794,-122.2846
Go0452833,38.3794,-122.2846
Go0452834,38.3794,-122.2846
Go0452835,38.3794,-122.2846
Go0452836,38.3794,-122.2846
Go0452837,38.3794,-122.2846
Go0452838,38.3794,-122.2846
Go0452839,38.3794,-122.2846
Go0452840,38.3794,-122.2846
Go0452841,38.3794,-122.2846
Go0452844,38.3794,-122.2846
Go0452845,38.3794,-122.2846
Go0452846,38.3794,-122.2846
Go0452847,38.3794,-122.2846
Go0452848,38.3794,-122.2846
Go0452849,38.3794,-122.2846
Go0452850,38.3794,-122.2846
Go0452852,38.3794,-122.2846
Go0452853,38.3794,-122.2846
Go0452854,38.3794,-122.2846
Go0452855,38.3794,-122.2846
Go0452856,38.3794,-122.2846
Go0452857,38.3794,-122.2846
Go0452859,38.3794,-122.2846
Go0452860,38.3794,-122.2846
Go0452861,38.3794,-122.2846
Go0452862,38.3794,-122.2846
Go0452864,38.3794,-122.2846
Go0452865,38.3794,-122.2846
Go0452866,38.3794,-122.2846
Go0452867,38.3794,-122.2846
Go0452868,38.3794,-122.2846
Go0452869,38.3794,-122.2846
Go0452870,38.3794,-122.2846
Go0452871,38.3794,-122.2846
Go0452872,38.3794,-122.2846
Go0452873,38.3794,-122.2846
Go0452874,38.3794,-122.2846
Go0452875,38.3794,-122.2846
Go0452876,38.3794,-122.2846
Go0452877,38.3794,-122.2846
Go0452878,38.3794,-122.2846
Go0452879,38.3794,-122.2846
Go0452880,38.3794,-122.2846
Go0452881,38.3794,-122.2846
Go0452882,38.3794,-122.2846
Go0452883,38.3794,-122.2846
Go0452884,38.3794,-122.2846
Go0452885,38.3794,-122.2846
Go0452886,38.3794,-122.2846
Go0452887,38.3794,-122.2846
Go0452888,38.3794,-122.2846
Go0452889,38.3794,-122.2846
Go0452890,38.3794,-122.2846
Go0452891,38.3794,-122.2846
Go0452892,38.3794,-122.2846
Go0452893,38.3794,-122.2846
Go0452894,38.3794,-122.2846
Go0452895,38.3794,-122.2846
Go0452898,38.3794,-122.2846
Go0452899,37.6622,-119.6197
Go0452900,37.6622,-119.6197
Go0452901,37.6622,-119.6197
Go0452902,37.6622,-119.6197
Go0452904,37.6622,-119.6197
Go0452905,37.6622,-119.6197
Go0452906,37.6622,-119.6197
Go0452907,37.6622,-119.6197
Go0452908,37.6622,-119.6197
Go0452909,37.6622,-119.6197
Go0452912,46.602,-120.5058
Go0452914,46.602,-120.5058
Go0452923,-41.444,145.5771
Go0452924,-35.9494,136.7396
Go0452925,-35.947,136.7376
Go0452926,-35.7382,136.7567
Go0452927,-35.0135,138.6717
Go0452928,-35.74,136.7536
Go0453010,-45.5815,-71.7803
Go0453011,-45.5815,-71.7803
Go0453012,-45.5815,-71.7803
Go0453013,-45.5815,-71.7803
Go0453014,-45.5815,-71.7803
Go0453015,-45.5815,-71.7803
Go0453016,-45.5815,-71.7803
Go0453017,-45.5815,-71.7803
Go0453018,-45.5815,-71.7803
Go0453019,-45.5002,-71.7025
Go0453020,-45.5002,-71.7025
Go0453021,-45.5002,-71.7025
Go0453022,-45.5002,-71.7025
Go0453023,-45.5002,-71.7025
Go0453024,-45.5002,-71.7025
Go0453025,-45.5002,-71.7025
Go0453026,-45.5002,-71.7025
Go0453027,-33.9965,115.8241
Go0453028,-33.552,150.4217
Go0453029,-34.2406,116.1499
Go0453030,-35.2145,138.7007
Go0453031,-41.1245,-71.212
Go0453032,-41.1245,-71.212
Go0453033,-41.1245,-71.212
Go0453034,-41.1245,-71.212
Go0453035,-41.1245,-71.212
Go0453036,-41.1245,-71.212
Go0453037,-41.1245,-71.212
Go0453038,-41.1245,-71.212
Go0453039,-41.1245,-71.212
Go0453040,-41.1245,-71.212
Go0453041,-41.1245,-71.212
Go0453042,-41.1245,-71.212
Go0453043,-41.1245,-71.212
Go0453044,-41.1245,-71.212
Go0453045,-41.1245,-71.212
Go0453046,-41.1245,-71.212
Go0453047,-41.1245,-71.212
Go0453048,-41.1245,-71.212
Go0453094,49.2614,-123.2527
Go0453095,49.2614,-123.2527
Go0453100,49.2614,-123.2527
Go0453529,42.2671,-84.3769
Go0453540,-75.8,162.85
Go0453541,13.3702,77.6835
Go0454021,31.8833,-109.205
Go0454022,31.8833,-109.205
Go0454023,19.2202,98.81
Go0454024,50.1273,8.6616
Go0454025,0,0
Go0454026,27.1886,-81.3372
Go0454027,27.1886,-81.3372
Go0454028,27.1886,-81.3372
Go0454029,27.1886,-81.3372
Go0454030,27.1886,-81.3372
Go0454031,27.1886,-81.3372
Go0454032,27.1886,-81.3372
Go0454033,27.1886,-81.3372
Go0454034,27.1886,-81.3372
Go0454035,27.1886,-81.3372
Go0454036,27.1886,-81.3372
Go0454037,27.1886,-81.3372
Go0454038,27.1886,-81.3372
Go0454039,35.0141,-83.1607
Go0454040,27.1886,-81.3372
Go0454041,27.1886,-81.3372
Go0454042,27.1886,-81.3372
Go0454043,27.1886,-81.3372
Go0454044,27.1886,-81.3372
Go0456132,55.6526045,37.461953
Go0456146,39.1095546,-7.8681943
Go0456155,40.288587,15.360849
Go0456157,39.1095546,-7.8681943
Go0456189,35,128
Go0456295,52.3931,0.4322
Go0456296,51.7535,-1.2533
Go0456297,51.5206,-0.13
Go0456298,48.8314,-64.4875
Go0456299,45.8047,2.9621
Go0456300,45.0961,2.3494
Go0456301,44.9774,-93.1756
Go0456302,43.0766,-89.4124
Go0456303,36.7359,-119.793
Go0456304,34.228,-117.67
Go0456305,34.1628,-117.682
Go0456306,31.7169,73.9849
Go0456307,31.4504,73.135
Go0456308,29.3163,-81.7461
Go0456309,27.8942,78.0886
Go0456310,25.5788,91.8932
Go0456311,25.5788,91.8932
Go0456312,25.4377,81.8463
Go0456313,-34.8882,-56.1862
Go0456315,51.4904,-0.1287
Go0456316,34.7645,-83.922
Go0456317,34.2707,-117.63
Go0456318,34.2477,-117.615
Go0456319,34.1628,-117.682
Go0456320,34.1628,-117.682
Go0456321,34.1628,-117.682
Go0456322,34.1628,-117.682
Go0456323,31.4303,73.0672
Go0456324,-34.9693,138.637
Go0456326,61.2418,21.4804
Go0456327,61.2418,21.4804
Go0456328,61.2418,21.4804
Go0456329,61.2418,21.4804
Go0456330,61.2418,21.4804
Go0456331,61.2413,21.4948
Go0456332,61.2418,21.4804
Go0456333,61.2418,21.4804
Go0456334,61.2418,21.4804
Go0456335,61.2418,21.4804
Go0456336,61.2421,21.49
Go0456337,61.2421,21.49
Go0456338,61.2413,21.4948
Go0456339,61.2418,21.4804
Go0456340,61.2418,21.4804
Go0456341,61.2413,21.4948
Go0456342,61.2413,21.4948
Go0456343,61.2418,21.4804
Go0456344,61.2418,21.4804
Go0456345,61.2413,21.4948
Go0456346,61.2413,21.4948
Go0456347,61.2413,21.4948
Go0456348,61.2413,21.4948
Go0456349,61.2413,21.4948
Go0456350,61.2413,21.4948
Go0456351,61.2413,21.4948
Go0456352,61.2413,21.4948
Go0456353,61.2413,21.4948
Go0456354,61.2418,21.4804
Go0456355,61.2413,21.4948
Go0456356,61.2418,21.4804
Go0456357,61.2418,21.4804
Go0456358,61.2421,21.49
Go0456359,61.2421,21.49
Go0456360,61.2421,21.49
Go0456361,61.2421,21.49
Go0456362,61.2413,21.4948
Go0456363,61.2421,21.49
Go0456364,61.2418,21.4804
Go0456365,61.2413,21.4948
Go0456383,42.5711,81.2206
Go0456417,47.8709,12.4537
Go0459731,-68.4717,78.1877
Go0459848,-43.044,171.6004
Go0459849,-43.044,171.6004
Go0459850,-43.044,171.6004
Go0459851,-43.044,171.6004
Go0459852,-43.044,171.6004
Go0459853,-43.044,171.6004
Go0459854,-43.044,171.6004
Go0459855,-42.8637,172.7782
Go0459856,-42.8637,172.7782
Go0459857,-42.8637,172.7782
Go0459858,-42.8637,172.7782
Go0459859,-42.8637,172.7782
Go0459860,-42.8637,172.7782
Go0459861,-42.5713,172.6849
Go0459862,-42.2927,171.8183
Go0459863,-42.2927,171.8183
Go0459864,-42.2927,171.8183
Go0459865,-42.2927,171.8183
Go0459866,-42.2927,171.8183
Go0459867,-41.7967,172.0489
Go0459868,-41.7967,172.0489
Go0459869,-41.6936,172.888
Go0459870,-41.6936,172.888
Go0459872,-41.4889,172.8965
Go0459873,-41.4889,172.8965
Go0459874,-41.4889,172.8965
Go0459875,-38.4139,176.5172
Go0459876,-37.5896,143.8639
Go0459877,-37.4996,144.1267
Go0459878,-35.2145,138.7007
Go0459879,-34.6726,150.0656
Go0459880,-34.6726,150.0656
Go0459881,-34.6704,116.6427
Go0459882,-34.6704,116.6427
Go0459883,-34.6704,116.6427
Go0459884,-34.6704,116.6427
Go0459885,-34.2331,116.1487
Go0459886,-34.1944,116.16
Go0459887,-34.1944,116.16
Go0459888,-33.9626,115.8613
Go0459889,-33.9626,115.8613
Go0459890,-33.9626,115.8613
Go0459891,-33.9626,115.8613
Go0459892,-33.7929,115.6613
Go0459894,-33.7929,115.6613
Go0459895,-33.7929,115.6613
Go0459896,49.4375,-54.085
Go0460150,35.0141,-83.1607
Go0460151,27.1886,-81.3372
Go0460152,27.1886,-81.3372
Go0460153,27.1886,-81.3372
Go0460154,27.1886,-81.3372
Go0460155,27.1886,-81.3372
Go0460206,43.0785,-89.4116
Go0460209,43.338,-89.3725
Go0460213,45.1412,-89.1552
Go0460225,43.0785,-89.4116
Go0460226,43.0785,-89.4116
Go0460456,54.0613,-12.5518
Go0460457,38.5376,-121.7644
Go0460458,38.5376,-121.7644
Go0460459,38.5376,-121.7644
Go0460460,38.5376,-121.7644
Go0460461,38.5376,-121.7644
Go0460462,38.5376,-121.7644
Go0460465,38.5376,-121.7644
Go0460466,38.5376,-121.7644
Go0460467,38.5376,-121.7644
Go0460469,38.5376,-121.7644
Go0460470,38.5376,-121.7644
Go0460471,38.5376,-121.7644
Go0460472,38.5376,-121.7644
Go0460473,38.5376,-121.7644
Go0460474,38.5376,-121.7644
Go0460476,38.5376,-121.7644
Go0460477,38.5376,-121.7644
Go0460479,38.5376,-121.7644
Go0460480,38.5376,-121.7644
Go0460481,38.5376,-121.7644
Go0460482,38.5376,-121.7644
Go0460483,38.5376,-121.7644
Go0460484,38.5376,-121.7644
Go0460485,38.5376,-121.7644
Go0460486,38.5376,-121.7644
Go0460487,38.5376,-121.7644
Go0460488,38.5376,-121.7644
Go0460491,38.5376,-121.7644
Go0460492,38.5376,-121.7644
Go0460493,38.5376,-121.7644
Go0460494,38.5376,-121.7644
Go0460495,38.5376,-121.7644
Go0460496,38.5376,-121.7644
Go0460735,61.2413,21.4947
Go0460736,61.2413,21.4947
Go0460737,61.2413,21.4947
Go0460738,61.2413,21.4947
Go0460739,61.2413,21.4947
Go0460740,61.2413,21.4947
Go0460741,61.2413,21.4947
Go0460742,61.2413,21.4947
Go0460743,61.2413,21.4947
Go0460744,61.2413,21.4947
Go0460745,61.2413,21.4947
Go0460746,61.2413,21.4947
Go0460747,61.2413,21.4947
Go0460748,61.2413,21.4947
Go0460749,61.2413,21.4947
Go0460750,61.2413,21.4947
Go0460751,61.2413,21.4947
Go0460752,61.2413,21.4947
Go0460753,61.2418,21.4803
Go0460754,61.2418,21.4803
Go0460755,61.2418,21.4803
Go0460757,61.2418,21.4803
Go0460758,61.2418,21.4803
Go0460759,61.2418,21.4803
Go0460761,61.2418,21.4803
Go0460762,61.2418,21.4803
Go0460764,61.2418,21.4803
Go0460765,61.2418,21.4803
Go0460767,61.2418,21.4803
Go0460768,61.2418,21.4803
Go0460769,61.242,21.4899
Go0460770,61.242,21.4899
Go0460771,61.242,21.4899
Go0460772,61.242,21.4899
Go0460773,61.242,21.4899
Go0460774,61.242,21.4899
Go0460775,61.242,21.4899
Go0460776,61.242,21.4899
Go0467786,19.8946,-101.4284
Go0467787,19.6933,-101.1311
Go0467788,22.863,-98.2296
Go0470751,-29.202,28.048
Go0470752,-28.103,152.499
Go0470753,-7.614,110.712
Go0470754,22.645,120.61
Go0470755,24.255,121.251
Go0470756,25.437,81.846
Go0470757,25.437,81.846
Go0470758,25.603,-108.832
Go0470759,25.603,-108.832
Go0470760,26.848,80.846
Go0470761,29.465,-109.658
Go0470762,30.333,72.032
Go0470764,31.453,73.134
Go0470765,31.453,73.134
Go0470766,31.453,73.134
Go0470767,33.8095,-116.776
Go0470768,34.144,-118.003
Go0470769,34.172,-117.855
Go0470770,34.172,-117.676
Go0470771,34.173,-117.676
Go0470772,34.216,-117.689
Go0470773,34.3261,-117.833
Go0470774,34.343,-117.829
Go0470775,34.804,-116.842
Go0470776,35.46,-117.909
Go0470777,36.15,-118.752
Go0470778,36.619,-117.155
Go0470779,37.08,-119.759
Go0470780,37.097,-120.925
Go0470781,37.314,-121.021
Go0470782,38.759,-83.642
Go0470783,39.808,-84.168
Go0470784,40.667,-73.963
Go0470785,40.7934,-77.86
Go0470786,41.093,-106.133
Go0470787,43.073,-89.401
Go0470788,44.732,-123.224
Go0470790,47.033,9.9501
Go0470791,50.584,8.6784
Go0470792,50.915,-0.6
Go0470793,51.341,-0.363
Go0470794,51.521,-0.13
Go0471218,37.887,-121.306
Go0471219,37.887,-121.306
Go0471220,37.887,-121.306
Go0471221,37.887,-121.306
Go0471222,37.887,-121.306
Go0471223,37.887,-121.306
Go0471224,37.887,-121.306
Go0471225,37.887,-121.306
Go0471226,37.887,-121.306
Go0471227,37.887,-121.306
Go0471228,37.887,-121.306
Go0471229,37.887,-121.306
Go0471230,37.887,-121.306
Go0471231,37.887,-121.306
Go0471232,37.887,-121.306
Go0471233,37.887,-121.306
Go0471234,37.887,-121.306
Go0471235,37.887,-121.306
Go0471236,37.887,-121.306
Go0471237,37.887,-121.306
Go0471238,37.887,-121.306
Go0471239,37.887,-121.306
Go0471240,37.887,-121.306
Go0471241,37.887,-121.306
Go0471242,37.887,-121.306
Go0471243,37.887,-121.306
Go0471244,37.887,-121.306
Go0471245,37.887,-121.306
Go0471246,37.887,-121.306
Go0471247,37.887,-121.306
Go0471248,37.887,-121.306
Go0471249,37.887,-121.306
Go0471250,37.887,-121.306
Go0471251,37.887,-121.306
Go0471252,37.887,-121.306
Go0471253,37.887,-121.306
Go0471254,37.887,-121.306
Go0471255,37.887,-121.306
Go0471256,37.887,-121.306
Go0471257,37.887,-121.306
Go0471258,37.887,-121.306
Go0471259,37.887,-121.306
Go0471260,37.887,-121.306
Go0471261,37.887,-121.306
Go0471262,37.887,-121.306
Go0471263,37.887,-121.306
Go0471264,37.887,-121.306
Go0471265,37.887,-121.306
Go0471266,37.887,-121.306
Go0471267,37.887,-121.306
Go0471268,37.887,-121.306
Go0471269,37.887,-121.306
Go0471270,37.887,-121.306
Go0471271,37.887,-121.306
Go0471272,37.887,-121.306
Go0471273,37.887,-121.306
Go0471274,37.887,-121.306
Go0471275,37.887,-121.306
Go0471276,37.887,-121.306
Go0471277,37.887,-121.306
Go0471278,37.887,-121.306
Go0471279,37.887,-121.306
Go0471280,37.887,-121.306
Go0471281,37.887,-121.306
Go0471282,37.887,-121.306
Go0471283,37.887,-121.306
Go0471284,37.887,-121.306
Go0471285,37.887,-121.306
Go0471286,37.887,-121.306
Go0471287,37.887,-121.306
Go0471288,37.887,-121.306
Go0471289,37.887,-121.306
Go0471290,37.887,-121.306
Go0471291,37.887,-121.306
Go0471292,37.887,-121.306
Go0471293,37.887,-121.306
Go0471294,37.887,-121.306
Go0471295,37.887,-121.306
Go0471296,37.887,-121.306
Go0471297,37.887,-121.306
Go0471298,37.887,-121.306
Go0471299,37.887,-121.306
Go0471300,37.887,-121.306
Go0471301,37.887,-121.306
Go0471302,37.887,-121.306
Go0471303,37.887,-121.306
Go0471304,37.887,-121.306
Go0471305,37.887,-121.306
Go0471306,37.887,-121.306
Go0471307,37.887,-121.306
Go0471308,37.887,-121.306
Go0472090,37.887,-121.306
Go0472091,37.887,-121.306
Go0472092,37.887,-121.306
Go0472093,37.887,-121.306
Go0472094,37.887,-121.306
Go0472095,37.887,-121.306
Go0472096,37.887,-121.306
Go0472097,37.887,-121.306
Go0472098,37.887,-121.306
Go0472099,37.887,-121.306
Go0472100,37.887,-121.306
Go0472101,37.887,-121.306
Go0472102,37.887,-121.306
Go0472103,37.887,-121.306
Go0472104,37.887,-121.306
Go0472105,37.887,-121.306
Go0472106,37.887,-121.306
Go0472107,37.887,-121.306
Go0472108,37.887,-121.306
Go0472109,37.887,-121.306
Go0472110,37.887,-121.306
Go0472111,37.887,-121.306
Go0472112,37.887,-121.306
Go0472113,37.887,-121.306
Go0472114,37.887,-121.306
Go0472115,37.887,-121.306
Go0472116,37.887,-121.306
Go0472117,37.887,-121.306
Go0472118,37.887,-121.306
Go0472119,37.887,-121.306
Go0472120,37.887,-121.306
Go0472121,37.887,-121.306
Go0472122,37.887,-121.306
Go0472123,37.887,-121.306
Go0472124,37.887,-121.306
Go0472125,37.887,-121.306
Go0472126,37.887,-121.306
Go0472127,37.887,-121.306
Go0472128,37.887,-121.306
Go0472129,37.887,-121.306
Go0472130,37.887,-121.306
Go0472131,37.887,-121.306
Go0472132,37.887,-121.306
Go0472133,37.887,-121.306
Go0472134,37.887,-121.306
Go0472135,37.887,-121.306
Go0472136,37.887,-121.306
Go0472137,37.887,-121.306
Go0472138,37.887,-121.306
Go0472139,37.887,-121.306
Go0472140,37.887,-121.306
Go0472141,37.887,-121.306
Go0472142,37.887,-121.306
Go0472143,37.887,-121.306
Go0472144,37.887,-121.306
Go0472145,37.887,-121.306
Go0472146,37.887,-121.306
Go0472147,37.887,-121.306
Go0472148,37.887,-121.306
Go0472149,37.887,-121.306
Go0472150,37.887,-121.306
Go0472151,37.887,-121.306
Go0472152,37.887,-121.306
Go0472153,37.887,-121.306
Go0472154,37.887,-121.306
Go0472155,37.887,-121.306
Go0472156,37.887,-121.306
Go0472157,37.887,-121.306
Go0472158,37.887,-121.306
Go0472159,37.887,-121.306
Go0472160,37.887,-121.306
Go0472161,37.887,-121.306
Go0472162,37.887,-121.306
Go0472163,37.887,-121.306
Go0472164,37.887,-121.306
Go0472165,37.887,-121.306
Go0472166,37.887,-121.306
Go0472167,37.887,-121.306
Go0472168,37.887,-121.306
Go0472169,37.887,-121.306
Go0472170,37.887,-121.306
Go0472171,37.887,-121.306
Go0472172,37.887,-121.306
Go0472173,37.887,-121.306
Go0472174,37.887,-121.306
Go0472175,37.887,-121.306
Go0472176,37.887,-121.306
Go0472177,37.887,-121.306
Go0472178,37.887,-121.306
Go0472179,37.887,-121.306
Go0472180,37.887,-121.306
Go0472181,37.887,-121.306
Go0472182,37.887,-121.306
Go0472183,37.887,-121.306
Go0472184,37.887,-121.306
Go0472185,37.887,-121.306
Go0472186,37.887,-121.306
Go0472187,37.887,-121.306
Go0472188,37.887,-121.306
Go0472189,37.887,-121.306
Go0472190,37.887,-121.306
Go0472191,37.887,-121.306
Go0472192,37.887,-121.306
Go0472193,37.887,-121.306
Go0472194,37.887,-121.306
Go0472195,37.887,-121.306
Go0472196,37.887,-121.306
Go0472197,37.887,-121.306
Go0472198,37.887,-121.306
Go0472199,37.887,-121.306
Go0472200,37.887,-121.306
Go0472201,37.887,-121.306
Go0472202,37.887,-121.306
Go0472203,37.887,-121.306
Go0472204,37.887,-121.306
Go0472205,37.887,-121.306
Go0472206,37.887,-121.306
Go0472207,37.887,-121.306
Go0472208,37.887,-121.306
Go0472209,37.887,-121.306
Go0472210,37.887,-121.306
Go0472211,37.887,-121.306
Go0472212,37.887,-121.306
Go0472213,37.887,-121.306
Go0472214,37.887,-121.306
Go0472216,37.887,-121.306
Go0472217,37.887,-121.306
Go0472218,37.887,-121.306
Go0472219,37.887,-121.306
Go0472220,37.887,-121.306
Go0472221,37.887,-121.306
Go0472223,37.887,-121.306
Go0472224,37.887,-121.306
Go0472225,37.887,-121.306
Go0472226,37.887,-121.306
Go0472227,37.887,-121.306
Go0472228,37.887,-121.306
Go0472229,37.887,-121.306
Go0472230,37.887,-121.306
Go0472231,37.887,-121.306
Go0472232,37.887,-121.306
Go0472233,37.887,-121.306
Go0472234,37.887,-121.306
Go0472235,37.887,-121.306
Go0472236,37.887,-121.306
Go0472237,37.887,-121.306
Go0472238,37.887,-121.306
Go0472239,37.887,-121.306
Go0472240,37.887,-121.306
Go0472241,37.887,-121.306
Go0472242,37.887,-121.306
Go0472243,37.887,-121.306
Go0472244,37.887,-121.306
Go0472245,37.887,-121.306
Go0472246,37.887,-121.306
Go0472247,37.887,-121.306
Go0472248,37.887,-121.306
Go0472249,37.887,-121.306
Go0472250,37.887,-121.306
Go0472251,37.887,-121.306
Go0472252,37.887,-121.306
Go0472253,37.887,-121.306
Go0472254,37.887,-121.306
Go0472255,37.887,-121.306
Go0472256,37.887,-121.306
Go0472257,37.887,-121.306
Go0472258,37.887,-121.306
Go0472259,37.887,-121.306
Go0472260,37.887,-121.306
Go0472261,37.887,-121.306
Go0472262,37.887,-121.306
Go0472263,37.887,-121.306
Go0472264,37.887,-121.306
Go0472265,37.887,-121.306
Go0472266,37.887,-121.306
Go0472267,37.887,-121.306
Go0472268,37.887,-121.306
Go0472269,37.887,-121.306
Go0472270,37.887,-121.306
Go0472271,37.887,-121.306
Go0472272,37.887,-121.306
Go0472273,37.887,-121.306
Go0472491,39.55,-105.782
Go0495188,43.30075,-89.34501
Go0496715,64,19
Go0496717,64,19
Go0498739,65.4844,-145.4036
Go0498749,27.1886,-81.3372
Go0498772,31.8833,-109.205
Go0498782,27.1886,-81.3372
Go0498784,55.8862,92.7704
Go0498785,35.0141,-83.1607
Go0498789,46.8575,-87.9207
Go0498790,35.0141,-83.1607
Go0509017,41.2,-96.7
Go0509018,41.2,-96.7
Go0509019,41.2,-96.7
Go0509020,41.2,-96.7
Go0509021,41.2,-96.7
Go0509022,41.2,-96.7
Go0509023,41.2,-96.7
Go0509024,41.2,-96.7
Go0509025,41.2,-96.7
Go0509026,41.2,-96.7
Go0509027,41.2,-96.7
Go0509028,41.2,-96.7
Go0509029,41.2,-96.7
Go0509030,41.2,-96.7
Go0509031,41.2,-96.7
Go0509032,41.2,-96.7
Go0509033,41.2,-96.7
Go0509034,41.2,-96.7
Go0509035,41.2,-96.7
Go0509036,41.2,-96.7
Go0509037,41.2,-96.7
Go0509039,41.2,-96.7
Go0509040,41.2,-96.7
Go0509041,41.2,-96.7
Go0509042,41.2,-96.7
Go0509043,41.2,-96.7
Go0509044,41.2,-96.7
Go0509045,41.2,-96.7
Go0509046,41.2,-96.7
Go0509047,41.2,-96.7
Go0509048,41.2,-96.7
Go0509049,41.2,-96.7
Go0509050,41.2,-96.7
Go0509052,41.2,-96.7
Go0509053,41.2,-96.7
Go0509054,41.2,-96.7
Go0509055,41.2,-96.7
Go0509056,41.2,-96.7
Go0509057,41.2,-96.7
Go0509058,41.2,-96.7
Go0509059,41.2,-96.7
Go0509772,40.7363,-98.58
Go0509773,42.27,-83
Go0509774,42.27,-83
Go0509775,42.27,-83
Go0509776,42.27,-83
Go0509777,42.27,-83
Go0509778,42.27,-83
Go0509779,42.27,-83
Go0509780,42.27,-83
Go0509781,42.27,-83
Go0509782,42.27,-83
Go0509783,42.27,-83
Go0509784,42.27,-83
Go0509785,42.27,-83
Go0509786,42.27,-83
Go0509787,42.27,-83
Go0509788,42.27,-83
Go0509789,42.27,-83
Go0509790,42.27,-83
Go0509791,42.27,-83
Go0509792,42.27,-83
Go0509793,42.27,-83
Go0509794,42.27,-83
Go0509795,42.27,-83
Go0509796,42.27,-83
Go0509797,42.27,-83
Go0509798,42.27,-83
Go0509799,42.27,-83
Go0509800,42.27,-83
Go0509801,42.27,-83
Go0509802,42.27,-83
Go0509803,42.27,-83
Go0509804,42.27,-83
Go0509805,42.27,-83
Go0509806,42.27,-83
Go0509807,42.27,-83
Go0509808,42.27,-83
Go0509809,42.27,-83
Go0509810,42.27,-83
Go0509811,42.27,-83
Go0509812,42.27,-83
Go0509813,42.27,-83
Go0509814,42.27,-83
Go0509815,42.27,-83
Go0509816,42.27,-83
Go0509817,42.27,-83
Go0509818,42.27,-83
Go0509819,42.27,-83
Go0509820,42.27,-83
Go0509821,42.27,-83
Go0509822,42.27,-83
Go0509823,42.27,-83
Go0509824,42.27,-83
Go0509825,42.27,-83
Go0509826,42.27,-83
Go0509827,42.27,-83
Go0509828,42.27,-83
Go0509829,42.27,-83
Go0509830,42.27,-83
Go0509831,42.27,-83
Go0509832,42.27,-83
Go0509833,42.27,-83
Go0509834,42.27,-83
Go0509835,42.27,-83
Go0509836,42.27,-83
Go0509837,42.27,-83
Go0509838,42.27,-83
Go0509839,42.27,-83
Go0509840,42.27,-83
Go0509841,42.27,-83
Go0509842,42.27,-83
Go0509843,42.27,-83
Go0509844,42.27,-83
Go0509845,42.27,-83
Go0509846,42.27,-83
Go0509847,42.27,-83
Go0509848,42.27,-83
Go0509849,42.27,-83
Go0509850,42.27,-83
Go0509851,42.27,-83
Go0509852,42.27,-83
Go0509853,42.27,-83
Go0509854,42.27,-83
Go0509855,42.27,-83
Go0509856,42.27,-83
Go0509857,42.27,-83
Go0509858,42.27,-83
Go0509859,42.27,-83
Go0509860,42.27,-83
Go0509861,42.27,-83
Go0509862,42.27,-83
Go0509863,42.27,-83
Go0509864,42.27,-83
Go0509865,42.27,-83
Go0509866,42.27,-83
Go0509867,42.27,-83
Go0509868,42.27,-83
Go0509869,42.27,-83
Go0509870,42.27,-83
Go0509871,42.27,-83
Go0509872,42.27,-83
Go0509873,42.27,-83
Go0509874,42.27,-83
Go0509875,42.27,-83
Go0509876,42.27,-83
Go0509877,42.27,-83
Go0509878,42.27,-83
Go0509879,42.27,-83
Go0509880,42.27,-83
Go0509881,42.27,-83
Go0509882,42.27,-83
Go0509883,42.27,-83
Go0509884,42.27,-83
Go0509885,42.27,-83
Go0509886,42.27,-83
Go0509887,42.27,-83
Go0509888,42.27,-83
Go0509889,42.27,-83
Go0509890,42.27,-83
Go0509891,42.27,-83
Go0509892,42.27,-83
Go0509893,42.27,-83
Go0509894,42.27,-83
Go0509895,42.27,-83
Go0509896,42.27,-83
Go0509897,42.27,-83
Go0509898,42.27,-83
Go0509899,42.27,-83
Go0509900,42.27,-83
Go0509901,42.27,-83
Go0509902,42.27,-83
Go0509903,42.27,-83
Go0509904,42.27,-83
Go0509905,42.27,-83
Go0509906,42.27,-83
Go0509907,42.27,-83
Go0509908,42.27,-83
Go0509909,42.27,-83
Go0509910,42.27,-83
Go0509911,42.27,-83
Go0509912,42.27,-83
Go0509913,42.27,-83
Go0509914,42.27,-83
Go0509915,42.27,-83
Go0509916,42.27,-83
Go0509917,42.27,-83
Go0509918,42.27,-83
Go0509919,42.27,-83
Go0509920,42.27,-83
Go0509921,42.27,-83
Go0509922,42.27,-83
Go0509923,42.27,-83
Go0509924,42.27,-83
Go0509925,42.27,-83
Go0509926,42.27,-83
Go0509927,42.27,-83
Go0509928,42.27,-83
Go0509929,42.27,-83
Go0509930,42.27,-83
Go0509931,42.27,-83
Go0509932,42.27,-83
Go0509933,42.27,-83
Go0509934,42.27,-83
Go0509935,42.27,-83
Go0509936,42.27,-83
Go0509937,42.27,-83
Go0509938,42.27,-83
Go0509939,42.27,-83
Go0509940,42.27,-83
Go0509941,42.27,-83
Go0509942,42.27,-83
Go0509943,42.27,-83
Go0509944,42.27,-83
Go0509945,42.27,-83
Go0509946,42.27,-83
Go0509947,42.27,-83
Go0509948,42.27,-83
Go0509949,42.27,-83
Go0509950,42.27,-83
Go0509951,42.27,-83
Go0509952,42.27,-83
Go0509953,42.27,-83
Go0509954,42.27,-83
Go0509955,42.27,-83
Go0509956,42.27,-83
Go0509957,42.27,-83
Go0509958,42.27,-83
Go0509959,42.27,-83
Go0509960,42.27,-83
Go0509961,42.27,-83
Go0509962,42.27,-83
Go0509963,42.27,-83
Go0509964,42.27,-83
Go0509965,42.27,-83
Go0509966,42.27,-83
Go0509967,42.27,-83
Go0509968,42.27,-83
Go0509969,42.27,-83
Go0509970,42.27,-83
Go0509971,42.27,-83
Go0509972,42.27,-83
Go0509973,42.27,-83
Go0509974,42.27,-83
Go0509975,42.27,-83
Go0509976,42.27,-83
Go0509977,42.27,-83
Go0509978,42.27,-83
Go0509979,42.27,-83
Go0509980,42.27,-83
Go0509981,42.27,-83
Go0509982,42.27,-83
Go0509983,42.27,-83
Go0509984,42.27,-83
Go0509985,42.27,-83
Go0509986,42.27,-83
Go0509987,42.27,-83
Go0509988,42.27,-83
Go0509989,42.27,-83
Go0509990,42.27,-83
Go0509991,42.27,-83
Go0509992,42.27,-83
Go0509993,42.27,-83
Go0509994,42.27,-83
Go0509995,42.27,-83
Go0509996,42.27,-83
Go0509997,42.27,-83
Go0509998,42.27,-83
Go0509999,42.27,-83
Go0510000,42.27,-83
Go0510001,42.27,-83
Go0510002,42.27,-83
Go0510003,42.27,-83
Go0510004,42.27,-83
Go0510005,42.27,-83
Go0510006,42.27,-83
Go0510007,42.27,-83
Go0510008,42.27,-83
Go0510009,42.27,-83
Go0510010,42.27,-83
Go0510011,42.27,-83
Go0510012,42.27,-83
Go0510013,42.27,-83
Go0510014,42.27,-83
Go0510015,42.27,-83
Go0510016,42.27,-83
Go0510017,42.27,-83
Go0510018,42.27,-83
Go0510019,42.27,-83
Go0510020,42.27,-83
Go0510021,42.27,-83
Go0510022,42.27,-83
Go0510023,42.27,-83
Go0510024,42.27,-83
Go0510025,42.27,-83
Go0510026,42.27,-83
Go0510027,42.27,-83
Go0510028,42.27,-83
Go0510029,42.27,-83
Go0510030,42.27,-83
Go0510031,42.27,-83
Go0510032,42.27,-83
Go0510033,42.27,-83
Go0510034,42.27,-83
Go0510035,42.27,-83
Go0510036,42.27,-83
Go0510037,42.27,-83
Go0510038,42.27,-83
Go0510039,42.27,-83
Go0510040,42.27,-83
Go0510041,42.27,-83
Go0510042,42.27,-83
Go0510043,42.27,-83
Go0510044,42.27,-83
Go0510045,42.27,-83
Go0510046,42.27,-83
Go0510047,42.27,-83
Go0510048,42.27,-83
Go0510331,27.1886,-81.3372
Go0510332,27.1886,-81.3372
Go0510333,27.1886,-81.3372
Go0510334,27.1886,-81.3372
Go0510335,27.1886,-81.3372
Go0510336,35.0141,-83.1607
Go0510337,27.1886,-81.3372
Go0510338,35.0141,-83.1607
Go0510339,27.1886,-81.3372
Go0510340,27.1886,-81.3372
Go0510341,27.1886,-81.3372
Go0510342,65.4844,-145.4036
Go0510343,27.1886,-81.3372
Go0510344,27.1886,-81.3372
Go0510345,27.1886,-81.3372
Go0510346,27.1886,-81.3372
Go0510347,27.1886,-81.3372
Go0510967,48.3924,11.7569
Go0511017,42.3897,-72.5244
Go0511085,57.7006827,11.6136629
Go0511116,33.9663,-102.4311
Go0511119,33.9663,-102.4311
Go0511121,33.9663,-102.4311
Go0511122,33.9663,-102.4311
Go0511123,33.9663,-102.4311
Go0511126,33.9663,-102.4311
Go0511127,33.9663,-102.4311
Go0511133,33.9663,-102.4311
Go0511137,33.9663,-102.4311
Go0511141,33.9663,-102.4311
Go0511142,33.9663,-102.4311
Go0511144,33.9663,-102.4311
Go0511145,33.9663,-102.4311
Go0511146,33.9663,-102.4311
Go0511147,33.9663,-102.4311
Go0511149,33.9663,-102.4311
Go0511151,33.9663,-102.4311
Go0511152,33.9663,-102.4311
Go0511153,33.9663,-102.4311
Go0511155,33.9663,-102.4311
Go0511157,33.9663,-102.4311
Go0511159,33.9663,-102.4311
Go0511160,33.9663,-102.4311
Go0511162,33.9663,-102.4311
Go0511163,33.9663,-102.4311
Go0511164,33.9663,-102.4311
Go0511165,33.9663,-102.4311
Go0511171,33.9663,-102.4311
Go0511172,33.9663,-102.4311
Go0511173,33.9663,-102.4311
Go0511174,33.9663,-102.4311
Go0511175,33.9663,-102.4311
Go0511178,33.9663,-102.4311
Go0511180,33.9663,-102.4311
Go0511181,33.9663,-102.4311
Go0511183,33.9663,-102.4311
Go0511184,33.9663,-102.4311
Go0511185,33.9663,-102.4311
Go0511186,33.9663,-102.4311
Go0511188,33.9663,-102.4311
Go0511189,33.9663,-102.4311
Go0511190,33.9663,-102.4311
Go0511191,33.9663,-102.4311
Go0511192,33.9663,-102.4311
Go0511195,33.9663,-102.4311
Go0511198,33.9663,-102.4311
Go0511200,33.9663,-102.4311
Go0511202,33.9663,-102.4311
Go0511205,33.9663,-102.4311
Go0511207,33.9663,-102.4311
Go0511240,39.3273,-105.087
Go0511241,40.0215,-105.503
Go0511242,35.36,138.71
Go0511253,42.21461,-83.242693
Go0511386,34.189,-97.089
Go0511409,36.6008,-119.5108
Go0511410,36.6008,-119.5108
Go0511485,57.057,-111.6
Go0511486,57.057,-111.6
Go0511487,57.057,-111.6
Go0511488,57.057,-111.6
Go0511489,57.057,-111.6
Go0511490,57.057,-111.6
Go0511491,57.057,-111.6
Go0511492,57.057,-111.6
Go0511493,57.057,-111.6
Go0511494,57.057,-111.6
Go0511496,57.057,-111.6
Go0511498,57.057,-111.6
Go0511499,57.057,-111.6
Go0511500,57.057,-111.6
Go0511501,57.057,-111.6
Go0511502,57.057,-111.6
Go0511503,57.057,-111.6
Go0511504,57.057,-111.6
Go0511506,57.057,-111.6
Go0511507,57.057,-111.6
Go0512767,39.523,-78.5386
Go0512768,39.4,3
Go0512769,39.4,3
Go0512770,38.2,0.6
Go0512773,38.2,0.6
Go0512774,38.2,0.6
Go0512775,38.2,0.6
Go0512776,38.2,0.6
Go0512778,38.2,0.6
Go0512780,38.2,0.6
Go0512781,38.2,0.6
Go0512782,38.2,0.6
Go0512783,38.2,0.6
Go0512784,38.2,0.6
Go0512785,38.2,0.6
Go0512786,38.2,0.6
Go0512787,38.2,0.6
Go0512788,38.2,0.6
Go0512789,38.2,0.6
Go0512791,38.2,0.6
Go0512792,38.2,0.6
Go0512793,38.2,0.6
Go0512794,38.2,0.6
Go0512795,38.2,0.6
Go0512796,38.2,0.6
Go0512797,38.2,0.6
Go0512798,38.2,0.6
Go0512799,38.2,0.6
Go0512801,38.2,0.6
Go0512802,38.2,0.6
Go0512804,38.2,0.6
Go0512806,38.2,0.6
Go0512808,38.2,0.6
Go0512809,38.2,0.6
Go0512810,38.2,0.6
Go0512811,38.2,0.6
Go0512812,38.2,0.6
Go0512813,38.2,0.6
Go0512814,38.2,0.6
Go0512815,38.2,0.6
Go0512816,38.2,0.6
Go0512817,38.2,0.6
Go0512819,38.2,0.6
Go0512820,38.2,0.6
Go0512821,38.2,0.6
Go0512822,38.2,0.6
Go0512823,38.2,0.6
Go0512824,38.2,0.6
Go0512825,38.2,0.6
Go0512827,38.2,0.6
Go0512828,38.2,0.6
Go0512829,38.2,0.6
Go0512830,38.2,0.6
Go0512831,38.2,0.6
Go0512832,38.2,0.6
Go0512833,38.2,0.6
Go0512834,38.2,0.6
Go0512835,38.2,0.6
Go0512836,38.2,0.6
Go0512837,38.2,0.6
Go0512838,38.2,0.6
Go0512839,38.2,0.6
Go0512840,38.2,0.6
Go0512841,38.2,0.6
Go0512842,38.2,0.6
Go0512843,38.2,0.6
Go0512845,38.2,0.6
Go0512846,38.2,0.6
Go0512847,38.2,0.6
Go0512848,38.2,0.6
Go0512849,38.2,0.6
Go0512850,38.2,0.6
Go0512851,38.2,0.6
Go0512852,38.2,0.6
Go0512853,38.2,0.6
Go0512854,38.2,0.6
Go0512855,38.2,0.6
Go0512856,38.2,0.6
Go0512857,38.2,0.6
Go0512858,38.2,0.6
Go0512859,38.2,0.6
Go0513045,37.8869,-121.3061
Go0513051,59.9741,10.8061
Go0513052,60.2402,10.7966
Go0513063,58.9556,8.8475
Go0513064,59.9115,10.6771
Go0513065,59.7517,10.7694
Go0513066,60.148,10.5496
Go0513074,37.7692,-122.487
Go0513081,13.3969,144.6547
Go0513082,40.818,14.28
Go0513083,9.3471,-82.2537
Go0513084,54.2669,10.1774
Go0513085,40.818,14.28
Go0513523,38.3197,-123.0551
Go0515089,43.241,-89.82
Go0515180,29.67,-82.39
Go0515181,49.271,-123.237
Go0515182,39.856,-121.58
Go0515183,34.112,-117.71
Go0515184,34.112,-117.71
Go0515185,34.112,-117.71
Go0515186,34.112,-117.71
Go0515187,34.112,-117.71
Go0515188,34.112,-117.71
Go0515189,34.112,-117.71
Go0515190,34.112,-117.71
Go0515191,34.174,-117.61
Go0515192,34.174,-117.61
Go0515193,34.164,-117.61
Go0515194,34.164,-117.61
Go0515195,34.256,-117.61
Go0515196,34.144,-117.61
Go0515197,34.163,-117.61
Go0515198,34.163,-117.61
Go0515200,34.163,-117.61
Go0515201,34.163,-117.61
Go0515202,34.163,-117.61
Go0515203,34.163,-117.61
Go0515204,34.163,-117.61
Go0515205,34.163,-117.61
Go0515206,34.163,-117.61
Go0515207,34.163,-117.61
Go0515208,34.163,-117.61
Go0515209,34.163,-117.61
Go0515210,34.163,-117.61
Go0515211,34.163,-117.61
Go0515212,34.163,-117.61
Go0515213,34.163,-117.61
Go0515214,34.163,-117.61
Go0515215,34.251,-117.61
Go0515216,34.251,-117.61
Go0515217,34.251,-117.61
Go0515218,34.131,-118.13
Go0515219,34.131,-118.13
Go0515220,36.762,-121.76
Go0515221,36.762,-121.76
Go0515222,33.974,-117.33
Go0515223,38.535,-117.28
Go0515224,34.172,-116.87
Go0515226,34.094,-116.87
Go0515228,34.151,-116.87
Go0515229,34.272,-116.87
Go0515230,35.45,-121.01
Go0515231,39.928,-122.48
Go0515232,36.031,-119.33
Go0515233,38.54,121.746
Go0515235,51.424,-1.31
Go0515236,51.522,-0.13
Go0515238,51.446,-0.27
Go0515239,51.446,-0.27
Go0515242,29.647,-82.33
Go0515244,29.647,-82.33
Go0515246,28.662,-81.93
Go0515248,29.674,-82.02
Go0515249,29.715,-81.24
Go0515250,29.9,-81.31
Go0515251,29.03,-81.45
Go0515252,32.88,-83.09
Go0515253,32.88,-83.09
Go0515254,43.078,141.34
Go0515255,15.424,-87.883
Go0515256,41.661,-91.88
Go0515257,42.0378,-93.6
Go0515258,24.572,120.815
Go0515259,33.623,-89.08
Go0515260,33.623,-89.08
Go0515261,23.675,120.798
Go0515262,23.675,120.798
Go0515263,23.875,120.919
Go0515264,23.875,120.919
Go0515265,25.136,121.539
Go0515267,45.245,-78.89
Go0515268,45.245,-78.89
Go0515270,25.025,121.729
Go0515271,29.319,-96.621
Go0515272,30.11,-97.28
Go0515273,24.815,120.967
Go0515329,38.874,-76.5481
Go0515330,38.874,-76.5481
Go0515331,38.874,-76.5481
Go0515332,38.874,-76.5481
Go0515333,38.874,-76.5481
Go0515632,45.017,-68.94
Go0515918,40.92,14.8
Go0515919,39.92,8.6
Go0515921,48.74,6.34
Go0515922,48.74,6.34
Go0515923,48.74,6.34
Go0515924,48.74,6.34
Go0515925,48.74,6.34
Go0515928,48.74,6.34
Go0516080,38.874,-76.5481
Go0516132,40.0854,-88.2248
Go0516133,40.0854,-88.2248
Go0516134,40.0854,-88.2248
Go0516135,40.0854,-88.2248
Go0516597,47.94,-91.76
Go0516598,44.4376,-74.2529
Go0516599,47.94,-91.76
Go0516600,44.4376,-74.2529
Go0516601,44.4376,-74.2529
Go0516602,45.4075,-93.1994
Go0516603,44.4376,-74.2529
Go0516604,44.4376,-74.2529
Go0516605,44.4376,-74.2529
Go0516606,44.4376,-74.2529
Go0516607,44.4376,-74.2529
Go0516608,44.4376,-74.2529
Go0516609,45.4193,141.668
Go0516610,35.4222,134.053
Go0516611,35.4222,134.053
Go0516612,35.4222,134.053
Go0516613,35.9437,139.941
Go0516614,35.9437,139.941
Go0516615,35.4222,134.053
Go0516616,35.5812,136.839
Go0516617,35.5812,136.839
Go0516618,35.2074,133.758
Go0516619,35.2074,133.758
Go0516620,35.2074,133.758
Go0516621,35.2074,133.758
Go0516622,35.2074,133.758
Go0516623,35.2074,133.758
Go0516624,35.2074,133.758
Go0516625,35.8186,138.991
Go0516626,47.248,10.778
Go0516627,46.8128,12.0061
Go0516628,47.2462,11.383
Go0516629,54.84,83.11
Go0516630,60.4969,74.059
Go0516631,58.648,23.664
Go0516632,58.648,23.664
Go0516633,58.648,23.664
Go0516634,58.648,23.664
Go0516635,58.648,23.664
Go0516636,58.648,23.664
Go0516637,58.648,23.664
Go0516638,58.648,23.664
Go0516639,58.648,23.664
Go0516640,58.648,23.664
Go0516641,58.648,23.664
Go0516642,58.648,23.664
Go0516643,56.8638,84.6223
Go0516644,51.7924,104.611
Go0516827,-35.9508,136.7111
Go0516828,-35.7392,136.7549
Go0516835,25.439,30.5586
Go0516858,44.4111,-110.3163
Go0516859,44.4111,-110.3163
Go0516860,44.4111,-110.3163
Go0516861,44.4111,-110.3163
Go0516862,44.4111,-110.3163
Go0516863,44.4111,-110.3163
Go0516864,44.4111,-110.3163
Go0516865,44.4111,-110.3163
Go0516866,44.4111,-110.3163
Go0526332,46.872,19.411
Go0526333,46.872,19.411
Go0526334,46.872,19.411
Go0526335,46.872,19.411
Go0526336,46.872,19.411
Go0527059,68.9771,20.3563
Go0527060,68.9771,20.3563
Go0527062,68.9771,20.3563
Go0527063,68.9771,20.3563
Go0527065,68.9771,20.3563
Go0527066,68.9771,20.3563
Go0527067,68.9771,20.3563
Go0527122,33.5766,-102.0852
Go0527123,33.5766,-102.0852
Go0527124,33.5766,-102.0852
Go0527125,33.5766,-102.0852
Go0527126,33.5766,-102.0852
Go0527127,33.5766,-102.0852
Go0527128,33.5766,-102.0852
Go0527129,33.5766,-102.0852
Go0527130,33.5766,-102.0852
Go0527131,33.5766,-102.0852
Go0527132,33.5766,-102.0852
Go0527133,33.5766,-102.0852
Go0527134,33.5766,-102.0852
Go0527135,33.5766,-102.0852
Go0527136,33.5766,-102.0852
Go0527137,33.5766,-102.0852
Go0527138,33.5766,-102.0852
Go0527139,33.5766,-102.0852
Go0527140,33.5766,-102.0852
Go0527141,33.5766,-102.0852
Go0527142,33.5766,-102.0852
Go0527143,33.5766,-102.0852
Go0527144,33.5766,-102.0852
Go0527145,33.5766,-102.0852
Go0527146,33.5766,-102.0852
Go0527147,33.5766,-102.0852
Go0527148,33.5766,-102.0852
Go0527149,33.5766,-102.0852
Go0527150,33.5766,-102.0852
Go0527151,33.5766,-102.0852
Go0527152,33.5766,-102.0852
Go0527153,33.5766,-102.0852
Go0527154,33.5766,-102.0852
Go0527155,33.5766,-102.0852
Go0527156,33.5766,-102.0852
Go0527157,33.5766,-102.0852
Go0527158,33.5766,-102.0852
Go0527159,33.5766,-102.0852
Go0527160,33.5766,-102.0852
Go0527161,33.5766,-102.0852
Go0527162,33.5766,-102.0852
Go0527163,33.5766,-102.0852
Go0527164,33.5766,-102.0852
Go0527165,33.5766,-102.0852
Go0527166,33.5766,-102.0852
Go0527167,33.5766,-102.0852
Go0527168,33.5766,-102.0852
Go0527169,33.5766,-102.0852
Go0527170,33.5766,-102.0852
Go0527171,33.5766,-102.0852
Go0527172,33.5766,-102.0852
Go0527173,33.5766,-102.0852
Go0527174,33.5766,-102.0852
Go0527175,33.5766,-102.0852
Go0527176,33.5766,-102.0852
Go0527177,33.5766,-102.0852
Go0527178,33.5766,-102.0852
Go0527179,33.5766,-102.0852
Go0527180,33.5766,-102.0852
Go0527181,33.5766,-102.0852
Go0527182,33.5766,-102.0852
Go0527183,33.5766,-102.0852
Go0527184,33.5766,-102.0852
Go0527185,33.5766,-102.0852
Go0527186,33.5766,-102.0852
Go0527187,33.5766,-102.0852
Go0527188,33.5766,-102.0852
Go0527189,33.5766,-102.0852
Go0527190,33.5766,-102.0852
Go0527192,33.5766,-102.0852
Go0527193,33.5766,-102.0852
Go0527194,33.5766,-102.0852
Go0527195,33.5766,-102.0852
Go0527196,33.5766,-102.0852
Go0527197,33.5766,-102.0852
Go0527198,33.5766,-102.0852
Go0527199,33.5766,-102.0852
Go0527200,33.5766,-102.0852
Go0527201,33.5766,-102.0852
Go0527202,33.5766,-102.0852
Go0527203,33.5766,-102.0852
Go0527204,33.5766,-102.0852
Go0527205,33.5766,-102.0852
Go0527206,33.5766,-102.0852
Go0527207,33.5766,-102.0852
Go0527208,33.5766,-102.0852
Go0527209,33.5766,-102.0852
Go0527210,33.5766,-102.0852
Go0527211,33.5766,-102.0852
Go0527212,33.5766,-102.0852
Go0527286,21.195,-100.439
Go0527522,41.3466,-106.3056
Go0527523,35.6469,-117.813
Go0527536,34.0967,-117.72
Go0527537,34.0967,-117.72
Go0527538,36.457,-116.853
Go0527548,35.298,-119.351
Go0527549,35.298,-119.351
Go0527550,43.6569,-90.8542
Go0527557,34.1667,-117.6806
Go0527558,34.1667,-117.6806
Go0527561,40.6939,-89.5891
Go0527563,43.0748,-89.4275
Go0527568,45.9344,-90.4498
Go0527569,39.0003,-76.7499
Go0527571,36.2443,-80.8484
Go0527573,34.1651,-116.8837
Go0527577,44.4961,-75.0396
Go0527582,42.4396,-76.4968
Go0527591,37.3736,-77.5802
Go0527592,39.2048,-78.3204
Go0527593,36.0041,-120.129
Go0527600,34.1667,-117.6806
Go0527606,42.4497,-76.4729
Go0527608,35.9132,-79.0558
Go0527609,41.3177,-89.0398
Go0527610,36.2443,-80.8484
Go0527705,36.3315,-121.887
Go0527706,37.4018,-122.245
Go0527707,37.3138,-122.385
Go0527708,37.6142,-122.451
Go0527710,37.405,-122.244
Go0527711,37.405,-122.244
Go0527712,37.405,-122.244
Go0527713,37.405,-122.244
Go0527714,37.405,-122.244
Go0527715,37.405,-122.244
Go0527716,37.405,-122.244
Go0527717,37.405,-122.244
Go0527718,37.405,-122.244
Go0527719,37.405,-122.244
Go0527720,37.405,-122.244
Go0527721,37.405,-122.244
Go0527722,37.405,-122.244
Go0527723,37.405,-122.244
Go0527724,37.405,-122.244
Go0527725,37.405,-122.244
Go0527726,37.405,-122.244
Go0527727,37.895,-122.564
Go0527728,37.307,-122.271
Go0527729,37.895,-122.564
Go0527730,37.895,-122.564
Go0527731,37.041,-121.966
Go0527732,37.041,-121.966
Go0527733,37.041,-121.966
Go0527734,37.041,-121.966
Go0527735,37.041,-121.966
Go0527736,36.569,-121.856
Go0527737,36.569,-121.856
Go0527738,36.569,-121.856
Go0527739,36.569,-121.856
Go0527740,36.569,-121.856
Go0527741,36.386,-121.901
Go0527742,36.386,-121.901
Go0527743,36.386,-121.901
Go0527744,38.336,-123.045
Go0527745,37.083,-122.263
Go0527746,38.336,-123.045
Go0527747,37.614,-122.451
Go0527748,37.614,-122.451
Go0527749,37.614,-122.451
Go0527750,37.614,-122.451
Go0527751,37.614,-122.451
Go0527752,37.614,-122.451
Go0527753,37.614,-122.451
Go0527754,37.614,-122.451
Go0527857,37.4018,-122.245
Go0527858,37.0834,-122.2627
Go0529076,-23.0445,29.9185
Go0529077,19.6933,-101.1311
Go0529078,46.8641084,19.4727787
Go0529079,46.872,19.411
Go0529081,46.872,19.411
Go0529082,46.872,19.411
Go0529083,46.872,19.411
Go0529084,46.872,19.411
Go0529107,31.398373062236,-81.2860771106226
Go0529108,31.3975873875096,-81.2754620187122
Go0529110,31.3978804379886,-81.2713421459225
Go0529111,31.3976449908817,-81.2775473864413
Go0529112,31.3981339371036,-81.2812967684805
Go0529113,31.3990526307562,-81.2795818915019
Go0529116,31.3984665362021,-81.2809551824318
Go0529117,31.3981734875528,-81.2775219551071
Go0529118,-62.1844,-58.8519
Go0529119,-62.1844,-58.8519
Go0529120,-62.1844,-58.8519
Go0529121,-62.1844,-57.8519
Go0529122,-30.3426,-56.8519
Go0529123,-62.1844,-55.8519
Go0529124,-62.1844,-58.8519
Go0529125,-62.1844,-58.8519
Go0529137,37.0834,-122.2627
Go0529138,37.341,-121.961
Go0529139,37.341,-121.961
Go0529140,37.405,-122.244
Go0529141,37.405,-122.244
Go0529142,37.083,-122.263
Go0529143,36.323,-121.893
Go0529144,37.895,-122.564
Go0529145,37.895,-122.564
Go0529146,37.307,-122.271
Go0529147,37.307,-122.271
Go0529148,37.895,-122.564
Go0529149,37.041,-121.966
Go0529150,36.569,-121.856
Go0529151,36.569,-121.856
Go0529152,36.569,-121.856
Go0529153,37.614,-122.451
Go0529154,37.614,-122.451
Go0529155,37.614,-122.451
Go0529156,37.614,-122.451
Go0529157,37.614,-122.451
Go0529158,37.614,-122.451
Go0529159,37.614,-122.451
Go0529160,37.614,-122.451
Go0529161,37.614,-122.451
Go0529162,37.614,-122.451
Go0529163,37.614,-122.451
Go0529164,37.614,-122.451
Go0529165,37.614,-122.451
Go0529166,37.614,-122.451
Go0529167,37.614,-122.451
Go0529168,37.614,-122.451
Go0529169,37.614,-122.451
Go0529170,37.614,-122.451
Go0529171,37.614,-122.451
Go0529172,37.614,-122.451
Go0529173,37.614,-122.451
Go0529174,37.614,-122.451
Go0529175,37.614,-122.451
Go0529176,37.614,-122.451
Go0529177,37.083,-122.263
Go0529178,37.083,-122.263
Go0529179,37.083,-122.263
Go0529180,37.307,-122.271
Go0529181,37.083,-122.263
Go0529182,37.307,-122.271
Go0529183,37.083,-122.263
Go0529184,37.307,-122.271
Go0529185,37.307,-122.271
Go0529186,37.083,-122.263
Go0529187,37.083,-122.263
Go0529188,37.083,-122.263
Go0529189,37.083,-122.263
Go0529190,37.083,-122.263
Go0529191,37.083,-122.263
Go0529192,37.895,-122.564
Go0529193,37.307,-122.271
Go0529194,37.083,-122.263
Go0529195,37.083,-122.263
Go0529995,-77.6167,162.983
Go0529996,-77.1167,161.667
Go0529997,-77.1167,161.667
Go0529998,-77.1167,161.667
Go0529999,-77.1167,161.667
Go0530000,-77.55,166.15
Go0530001,-77.55,166.15
Go0530053,-37.96,175.96
Go0530223,-77.6167,162.983
Go0530224,-77.6167,162.983
Go0530225,-77.6167,162.983
Go0530226,-77.6167,162.983
Go0530227,-77.6167,162.983
Go0530228,-77.6167,162.983
Go0530229,-77.6167,162.983
Go0530230,-77.6167,162.983
Go0530231,-77.6167,162.983
Go0530232,-77.6167,162.983
Go0530233,-77.6167,162.983
Go0530234,-77.6167,162.983
Go0530235,-77.6167,162.983
Go0530236,-77.6167,162.983
Go0530237,-77.1167,161.667
Go0530238,-77.1167,161.667
Go0530239,-77.1167,161.667
Go0530240,-77.1167,161.667
Go0530241,-77.1167,161.667
Go0530242,-77.1167,161.667
Go0530243,-77.1167,161.667
Go0530244,-77.1167,161.667
Go0530245,-77.1167,161.667
Go0530246,-77.1167,161.667
Go0530247,-77.1167,161.667
Go0530248,-77.1167,161.667
Go0530249,-77.1167,161.667
Go0530250,67.0933,-50.0018
Go0530251,67.0933,-50.0018
Go0530252,67.0933,50.0018
Go0530253,67.0933,-50.0018
Go0530254,67.0933,-50.0018
Go0530255,67.0933,-50.0018
Go0530256,67.0933,50.0018
Go0530257,67.0933,50.0018
Go0530258,67.0933,50.0018
Go0530259,67.0933,50.0018
Go0530260,-77.7005,162.711
Go0530261,-77.7005,162.711
Go0530262,-77.7005,162.711
Go0530263,-77.7005,162.711
Go0530264,-77.7005,162.711
Go0530265,-77.7005,162.711
Go0530266,-77.7005,162.711
Go0530267,-77.7005,162.711
Go0530268,-77.7005,162.711
Go0530269,-77.7005,162.711
Go0530270,-77.55,166.15
Go0530271,-77.55,166.15
Go0530272,-77.55,166.15
Go0530273,-77.55,166.15
Go0530274,-77.55,166.15
Go0530461,25.7338,-80.2269
Go0530566,-24.0697,-68.2264
Go0530567,-24.0697,-68.2264
Go0530568,-24.0697,-68.2264
Go0530569,-24.0697,-68.2264
Go0530571,-24.0697,-68.2264
Go0530573,-24.0697,-68.2264
Go0530576,-24.0697,-68.2264
Go0530577,-24.0697,-68.2264
Go0530578,-24.0697,-68.2264
Go0530581,-24.0697,-68.2264
Go0530583,-24.0697,-68.2264
Go0530584,-24.0697,-68.2264
Go0530586,-24.0697,-68.2264
Go0530588,-24.0697,-68.2264
Go0530589,-24.0697,-68.2264
Go0530590,-24.0697,-68.2264
Go0530591,-24.0697,-68.2264
Go0530593,-24.0697,-68.2264
Go0530594,-24.0697,-68.2264
Go0530595,-24.0697,-68.2264
Go0530596,-24.0697,-68.2264
Go0530599,-23.5366,14.9933
Go0530600,-23.5366,14.9933
Go0530601,-23.5366,14.9933
Go0530604,-23.5366,14.9933
Go0530605,-23.5366,14.9933
Go0530612,29.7903,34.9671
Go0530613,29.7903,34.9671
Go0530614,29.7903,34.9671
Go0530615,29.7903,34.9671
Go0530616,29.7903,34.9671
Go0530617,29.7903,34.9671
Go0530618,29.7903,34.9671
Go0530619,29.7903,34.9671
Go0530621,29.7903,34.9671
Go0530622,29.7903,34.9671
Go0530623,29.7903,34.9671
Go0530624,29.7903,34.9671
Go0530625,29.7903,34.9671
Go0530626,29.7903,34.9671
Go0530629,29.7903,34.9671
Go0530630,37.7513,-111.442
Go0530631,37.7513,-111.442
Go0530633,37.7513,-111.442
Go0530635,37.7513,-111.442
Go0530636,37.7513,-111.442
Go0530639,37.7513,-111.442
Go0530647,37.7513,-111.442
Go0530650,74.9072,109.596
Go0530651,74.9072,109.596
Go0530652,74.9072,109.596
Go0530655,30.545,-84.594
Go0530656,-37.3555,140.6972
Go0530657,-37.3555,140.6972
Go0530658,37.6289,-122.467
Go0530659,39.3114,-123.7603
Go0530660,-38.4085,176.5646
Go0530661,-35.3054,148.892
Go0530846,33.5766,-102.0852
Go0530847,33.5766,-102.0852
Go0530848,33.5766,-102.0852
Go0530849,33.5766,-102.0852
Go0530850,33.5766,-102.0852
Go0530851,33.5766,-102.0852
Go0530852,33.5766,-102.0852
Go0530853,33.5766,-102.0852
Go0530854,33.5766,-102.0852
Go0530855,33.5766,-102.0852
Go0530856,33.5766,-102.0852
Go0530857,33.5766,-102.0852
Go0530858,33.5766,-102.0852
Go0530859,33.5766,-102.0852
Go0530860,33.5766,-102.0852
Go0530861,33.5766,-102.0852
Go0530862,33.5766,-102.0852
Go0530863,33.5766,-102.0852
Go0530864,33.5766,-102.0852
Go0530865,33.5766,-102.0852
Go0530866,33.5766,-102.0852
Go0530867,33.5766,-102.0852
Go0530868,33.5766,-102.0852
Go0530869,33.5766,-102.0852
Go0530870,33.5766,-102.0852
Go0530871,33.5766,-102.0852
Go0530872,33.5766,-102.0852
Go0530873,33.5766,-102.0852
Go0530874,33.5766,-102.0852
Go0530875,33.5766,-102.0852
Go0530876,33.5766,-102.0852
Go0530878,33.5766,-102.0852
Go0530879,33.5766,-102.0852
Go0530880,33.5766,-102.0852
Go0530881,33.5766,-102.0852
Go0530882,33.5766,-102.0852
Go0530883,33.5766,-102.0852
Go0530884,33.5766,-102.0852
Go0530885,33.5766,-102.0852
Go0530886,33.5766,-102.0852
Go0530887,33.5766,-102.0852
Go0530888,33.5766,-102.0852
Go0530889,33.5766,-102.0852
Go0530890,33.5766,-102.0852
Go0530891,33.5766,-102.0852
Go0530892,33.5766,-102.0852
Go0530893,33.5766,-102.0852
Go0530894,33.5766,-102.0852
Go0530896,33.5766,-102.0852
Go0530897,33.5766,-102.0852
Go0530898,33.5766,-102.0852
Go0530899,33.5766,-102.0852
Go0530900,33.5766,-102.0852
Go0530901,33.5766,-102.0852
Go0530902,33.5766,-102.0852
Go0530903,33.5766,-102.0852
Go0530904,33.5766,-102.0852
Go0530905,33.5766,-102.0852
Go0530906,33.5766,-102.0852
Go0530907,33.5766,-102.0852
Go0530908,33.5766,-102.0852
Go0530909,33.5766,-102.0852
Go0530910,33.5766,-102.0852
Go0530911,33.5766,-102.0852
Go0530912,33.5766,-102.0852
Go0530913,33.5766,-102.0852
Go0530914,33.5766,-102.0852
Go0530915,33.5766,-102.0852
Go0530916,33.5766,-102.0852
Go0530917,33.5766,-102.0852
Go0530918,33.5766,-102.0852
Go0530919,33.5766,-102.0852
Go0530920,33.5766,-102.0852
Go0530921,33.5766,-102.0852
Go0530922,33.5766,-102.0852
Go0530923,33.5766,-102.0852
Go0530924,33.5766,-102.0852
Go0530926,33.5766,-102.0852
Go0530927,33.5766,-102.0852
Go0530928,33.5766,-102.0852
Go0530929,33.5766,-102.0852
Go0530930,33.5766,-102.0852
Go0530931,33.5766,-102.0852
Go0530932,33.5766,-102.0852
Go0530933,33.5766,-102.0852
Go0530934,33.5766,-102.0852
Go0530935,33.5766,-102.0852
Go0530936,33.5766,-102.0852
Go0530937,33.5766,-102.0852
Go0530938,33.5766,-102.0852
Go0530939,33.5766,-102.0852
Go0530940,33.5766,-102.0852
Go0530941,33.5766,-102.0852
Go0530942,33.5766,-102.0852
Go0530943,33.5766,-102.0852
Go0530944,33.5766,-102.0852
Go0530945,33.5766,-102.0852
Go0530946,33.5766,-102.0852
Go0530947,33.5766,-102.0852
Go0530948,33.5766,-102.0852
Go0530949,33.5766,-102.0852
Go0530950,33.5766,-102.0852
Go0530951,33.5766,-102.0852
Go0530952,33.5766,-102.0852
Go0530953,33.5766,-102.0852
Go0530954,33.5766,-102.0852
Go0530955,33.5766,-102.0852
Go0530956,33.5766,-102.0852
Go0530957,33.5766,-102.0852
Go0530958,33.5766,-102.0852
Go0530959,33.5766,-102.0852
Go0530960,33.5766,-102.0852
Go0530961,33.5766,-102.0852
Go0530962,33.5766,-102.0852
Go0530963,33.5766,-102.0852
Go0530964,33.5766,-102.0852
Go0530965,33.5766,-102.0852
Go0530966,33.5766,-102.0852
Go0530967,33.5766,-102.0852
Go0530968,33.5766,-102.0852
Go0530969,33.5766,-102.0852
Go0530970,33.5766,-102.0852
Go0530971,33.5766,-102.0852
Go0530972,33.5766,-102.0852
Go0530973,33.5766,-102.0852
Go0530974,33.5766,-102.0852
Go0530976,33.5766,-102.0852
Go0530977,33.5766,-102.0852
Go0530978,33.5766,-102.0852
Go0530979,33.5766,-102.0852
Go0530980,33.5766,-102.0852
Go0530981,33.5766,-102.0852
Go0530982,33.5766,-102.0852
Go0530983,33.5766,-102.0852
Go0530984,33.5766,-102.0852
Go0530985,33.5766,-102.0852
Go0530986,33.5766,-102.0852
Go0530987,33.5766,-102.0852
Go0530988,33.5766,-102.0852
Go0530989,33.5766,-102.0852
Go0530990,33.5766,-102.0852
Go0530992,33.5766,-102.0852
Go0530993,33.5766,-102.0852
Go0530995,33.5766,-102.0852
Go0530996,33.5766,-102.0852
Go0530997,33.5766,-102.0852
Go0530998,33.5766,-102.0852
Go0530999,33.5766,-102.0852
Go0531000,33.5766,-102.0852
Go0531001,33.5766,-102.0852
Go0531002,33.5766,-102.0852
Go0531003,33.5766,-102.0852
Go0531004,33.5766,-102.0852
Go0531005,33.5766,-102.0852
Go0531006,33.5766,-102.0852
Go0531007,33.5766,-102.0852
Go0531009,33.5766,-102.0852
Go0531010,33.5766,-102.0852
Go0531011,33.5766,-102.0852
Go0531012,33.5766,-102.0852
Go0531013,33.5766,-102.0852
Go0531014,33.5766,-102.0852
Go0531015,33.5766,-102.0852
Go0531016,33.5766,-102.0852
Go0531017,33.5766,-102.0852
Go0531018,33.5766,-102.0852
Go0531019,33.5766,-102.0852
Go0531020,33.5766,-102.0852
Go0531021,33.5766,-102.0852
Go0531022,33.5766,-102.0852
Go0531023,33.5766,-102.0852
Go0531025,33.5766,-102.0852
Go0531027,33.5766,-102.0852
Go0531028,33.5766,-102.0852
Go0531030,33.5766,-102.0852
Go0531031,33.5766,-102.0852
Go0531032,33.5766,-102.0852
Go0531033,33.5766,-102.0852
Go0531034,33.5766,-102.0852
Go0531035,33.5766,-102.0852
Go0531036,33.5766,-102.0852
Go0531038,33.5766,-102.0852
Go0531039,33.5766,-102.0852
Go0531040,33.5766,-102.0852
Go0531041,33.5766,-102.0852
Go0531042,33.5766,-102.0852
Go0531043,33.5766,-102.0852
Go0531044,33.5766,-102.0852
Go0531045,33.5766,-102.0852
Go0531046,33.5766,-102.0852
Go0531047,33.5766,-102.0852
Go0531048,33.5766,-102.0852
Go0531049,33.5766,-102.0852
Go0531050,33.5766,-102.0852
Go0531051,33.5766,-102.0852
Go0531052,33.5766,-102.0852
Go0531053,33.5766,-102.0852
Go0531054,33.5766,-102.0852
Go0531055,33.5766,-102.0852
Go0531056,33.5766,-102.0852
Go0531057,33.5766,-102.0852
Go0531058,33.5766,-102.0852
Go0531059,33.5766,-102.0852
Go0531060,33.5766,-102.0852
Go0531061,33.5766,-102.0852
Go0531062,33.5766,-102.0852
Go0531063,33.5766,-102.0852
Go0531064,33.5766,-102.0852
Go0531065,33.5766,-102.0852
Go0531066,33.5766,-102.0852
Go0531067,33.5766,-102.0852
Go0531068,33.5766,-102.0852
Go0531069,33.5766,-102.0852
Go0531070,33.5766,-102.0852
Go0531071,33.5766,-102.0852
Go0531072,33.5766,-102.0852
Go0531073,33.5766,-102.0852
Go0531074,33.5766,-102.0852
Go0531075,33.5766,-102.0852
Go0531076,33.5766,-102.0852
Go0531077,33.5766,-102.0852
Go0531078,33.5766,-102.0852
Go0531079,33.5766,-102.0852
Go0531080,33.5766,-102.0852
Go0531081,33.5766,-102.0852
Go0531082,33.5766,-102.0852
Go0531083,33.5766,-102.0852
Go0531084,33.5766,-102.0852
Go0531085,33.5766,-102.0852
Go0531086,33.5766,-102.0852
Go0531087,33.5766,-102.0852
Go0531088,33.5766,-102.0852
Go0531089,33.5766,-102.0852
Go0531090,33.5766,-102.0852
Go0531091,33.5766,-102.0852
Go0531092,33.5766,-102.0852
Go0531093,33.5766,-102.0852
Go0531094,33.5766,-102.0852
Go0531095,33.5766,-102.0852
Go0531096,33.5766,-102.0852
Go0531097,33.5766,-102.0852
Go0531098,33.5766,-102.0852
Go0531099,33.5766,-102.0852
Go0531100,33.5766,-102.0852
Go0531101,33.5766,-102.0852
Go0531102,33.5766,-102.0852
Go0531103,33.5766,-102.0852
Go0531104,33.5766,-102.0852
Go0531105,33.5766,-102.0852
Go0531106,33.5766,-102.0852
Go0531107,33.5766,-102.0852
Go0531108,33.5766,-102.0852
Go0531109,33.5766,-102.0852
Go0531110,33.5766,-102.0852
Go0531112,33.5766,-102.0852
Go0531113,33.5766,-102.0852
Go0531114,33.5766,-102.0852
Go0531115,33.5766,-102.0852
Go0531116,33.5766,-102.0852
Go0531117,33.5766,-102.0852
Go0531118,33.5766,-102.0852
Go0531119,33.5766,-102.0852
Go0531120,33.5766,-102.0852
Go0531121,33.5766,-102.0852
Go0531122,33.5766,-102.0852
Go0531123,33.5766,-102.0852
Go0531124,33.5766,-102.0852
Go0531125,33.5766,-102.0852
Go0531126,33.5766,-102.0852
Go0531127,33.5766,-102.0852
Go0531128,33.5766,-102.0852
Go0531129,33.5766,-102.0852
Go0531130,33.5766,-102.0852
Go0531131,33.5766,-102.0852
Go0531132,33.5766,-102.0852
Go0531133,33.5766,-102.0852
Go0531134,33.5766,-102.0852
Go0531135,33.5766,-102.0852
Go0531136,33.5766,-102.0852
Go0531137,33.5766,-102.0852
Go0531138,33.5766,-102.0852
Go0531139,33.5766,-102.0852
Go0531140,33.5766,-102.0852
Go0531141,33.5766,-102.0852
Go0531142,33.5766,-102.0852
Go0531143,33.5766,-102.0852
Go0531144,33.5766,-102.0852
Go0531145,33.5766,-102.0852
Go0531146,33.5766,-102.0852
Go0531147,33.5766,-102.0852
Go0531148,33.5766,-102.0852
Go0531149,33.5766,-102.0852
Go0531150,33.5766,-102.0852
Go0531151,33.5766,-102.0852
Go0531152,33.5766,-102.0852
Go0531153,33.5766,-102.0852
Go0531154,33.5766,-102.0852
Go0531155,33.5766,-102.0852
Go0531156,33.5766,-102.0852
Go0531157,33.5766,-102.0852
Go0531158,33.5766,-102.0852
Go0531159,33.5766,-102.0852
Go0531160,33.5766,-102.0852
Go0531161,33.5766,-102.0852
Go0531162,33.5766,-102.0852
Go0531163,33.5766,-102.0852
Go0531164,33.5766,-102.0852
Go0531165,33.5766,-102.0852
Go0531166,33.5766,-102.0852
Go0531167,33.5766,-102.0852
Go0531168,33.5766,-102.0852
Go0531169,33.5766,-102.0852
Go0531170,33.5766,-102.0852
Go0531171,33.5766,-102.0852
Go0531172,33.5766,-102.0852
Go0531173,33.5766,-102.0852
Go0531174,33.5766,-102.0852
Go0531175,33.5766,-102.0852
Go0531176,33.5766,-102.0852
Go0531177,33.5766,-102.0852
Go0531178,33.5766,-102.0852
Go0531179,33.5766,-102.0852
Go0531180,33.5766,-102.0852
Go0531181,33.5766,-102.0852
Go0531182,33.5766,-102.0852
Go0531183,33.5766,-102.0852
Go0531184,33.5766,-102.0852
Go0531185,33.5766,-102.0852
Go0531186,33.5766,-102.0852
Go0531187,33.5766,-102.0852
Go0531188,33.5766,-102.0852
Go0531189,33.5766,-102.0852
Go0531190,33.5766,-102.0852
Go0531191,33.5766,-102.0852
Go0531192,33.5766,-102.0852
Go0531193,33.5766,-102.0852
Go0531194,33.5766,-102.0852
Go0531195,33.5766,-102.0852
Go0531196,33.5766,-102.0852
Go0531197,33.5766,-102.0852
Go0531198,33.5766,-102.0852
Go0531199,33.5766,-102.0852
Go0531200,33.5766,-102.0852
Go0531201,33.5766,-102.0852
Go0531202,33.5766,-102.0852
Go0531203,33.5766,-102.0852
Go0531204,33.5766,-102.0852
Go0531205,33.5766,-102.0852
Go0531206,33.5766,-102.0852
Go0531207,33.5766,-102.0852
Go0531208,33.5766,-102.0852
Go0531209,33.5766,-102.0852
Go0531210,33.5766,-102.0852
Go0531211,33.5766,-102.0852
Go0531212,33.5766,-102.0852
Go0531213,33.5766,-102.0852
Go0531388,40.0854,-88.2248
Go0531389,40.0872,-88.2322
Go0532370,34.414,-119.849
Go0532371,36.001,-78.943
Go0532372,53.608,-56.166
Go0532373,44.519,-123.223
Go0532374,46.099,-122.972
Go0532375,46.099,-122.972
Go0532379,42.377,-71.121
Go0532380,46.167,1.043
Go0532381,24.563,120.826
Go0532382,24.255,121.251
Go0532383,24.255,121.251
Go0532384,34.343,134.0466
Go0532385,35.863,139.646
Go0532399,29.667,-82.33
Go0532400,29.667,-82.33
Go0532401,29.667,-82.33
Go0532402,29.667,-82.33
Go0532403,29.68,-82.33
Go0532404,29.68,-82.33
Go0535689,48.74,6.34
Go0535690,48.74,6.34
Go0535691,48.74,6.34
Go0535692,48.74,6.34
Go0535693,48.74,6.34
Go0535694,48.74,6.34
Go0535695,48.74,6.34
Go0535696,48.74,6.34
Go0535697,48.6466,19.2469
Go0535998,42.3956,-85.3757
Go0535999,42.3956,-85.3757
Go0536000,42.3956,-85.3757
Go0536001,42.3956,-85.3757
Go0536002,42.3956,-85.3757
Go0536003,42.3956,-85.3757
Go0536004,42.3956,-85.3757
Go0536005,42.3956,-85.3757
Go0536006,42.3956,-85.3757
Go0536007,42.3956,-85.3757
Go0536008,42.3956,-85.3757
Go0536009,42.3956,-85.3757
Go0536010,42.3956,-85.3757
Go0536011,42.3956,-85.3757
Go0536012,42.3956,-85.3757
Go0536014,42.3956,-85.3757
Go0536015,42.3956,-85.3757
Go0536016,42.3956,-85.3757
Go0536017,42.3956,-85.3757
Go0536018,42.3956,-85.3757
Go0536019,42.3956,-85.3757
Go0536020,42.3956,-85.3757
Go0536021,42.3956,-85.3757
Go0536022,42.3956,-85.3757
Go0536023,42.3956,-85.3757
Go0536025,42.3956,-85.3757
Go0536026,42.3956,-85.3757
Go0536027,42.3956,-85.3757
Go0536029,42.3956,-85.3757
Go0536030,42.3956,-85.3757
Go0536035,42.3956,-85.3757
Go0536036,42.3956,-85.3757
Go0536037,42.3956,-85.3757
Go0536038,42.3956,-85.3757
Go0536039,42.3956,-85.3757
Go0536040,42.3956,-85.3757
Go0536041,42.3956,-85.3757
Go0536042,42.3956,-85.3757
Go0536043,42.3956,-85.3757
Go0536044,42.3956,-85.3757
Go0536045,42.3956,-85.3757
Go0536046,42.3956,-85.3757
Go0536047,42.3956,-85.3757
Go0536048,42.3956,-85.3757
Go0536049,42.3956,-85.3757
Go0536050,42.3956,-85.3757
Go0536051,42.3956,-85.3757
Go0536052,42.3956,-85.3757
Go0536053,42.3956,-85.3757
Go0536054,42.3956,-85.3757
Go0536055,42.3956,-85.3757
Go0536056,42.3956,-85.3757
Go0536057,42.3956,-85.3757
Go0536058,42.3956,-85.3757
Go0536059,42.3956,-85.3757
Go0536060,42.3956,-85.3757
Go0536061,42.3956,-85.3757
Go0536062,42.3956,-85.3757
Go0536063,42.3956,-85.3757
Go0536064,42.3956,-85.3757
Go0536065,42.3956,-85.3757
Go0536066,42.3956,-85.3757
Go0536067,42.3956,-85.3757
Go0536068,42.3956,-85.3757
Go0536069,42.3956,-85.3757
Go0536070,42.3956,-85.3757
Go0536071,42.3956,-85.3757
Go0536072,42.3956,-85.3757
Go0536073,42.3956,-85.3757
Go0536074,42.3956,-85.3757
Go0536075,42.3956,-85.3757
Go0536076,42.3956,-85.3757
Go0536077,42.3956,-85.3757
Go0536078,42.3956,-85.3757
Go0536079,42.3956,-85.3757
Go0536080,42.3956,-85.3757
Go0536081,42.3956,-85.3757
Go0536082,42.3956,-85.3757
Go0536083,42.3956,-85.3757
Go0536084,42.3956,-85.3757
Go0536085,42.3956,-85.3757
Go0536086,42.3956,-85.3757
Go0536087,42.3956,-85.3757
Go0536088,42.3956,-85.3757
Go0536221,63.2468,25.9209
Go0536223,39.8454,-88.9524
Go0537790,24.324,124.092
Go0537791,25.042,121.536
Go0537796,35.869,139.643
Go0537797,51.235,-0.475
Go0537805,42.27,-83.74
Go0537806,42.27,-83.74
Go0537807,42.27,-83.74
Go0537808,42.27,-83.74
Go0537809,42.27,-83.74
Go0537810,42.27,-83.74
Go0537811,42.27,-83.74
Go0537812,42.27,-83.74
Go0537813,42.27,-83.74
Go0537814,42.27,-83.74
Go0537815,42.27,-83.74
Go0537816,42.27,-83.74
Go0537817,42.27,-83.74
Go0537818,42.27,-83.74
Go0537819,42.27,-83.74
Go0537820,42.27,-83.74
Go0537821,42.27,-83.74
Go0537822,42.27,-83.74
Go0537823,42.27,-83.74
Go0537824,42.27,-83.74
Go0537825,42.27,-83.74
Go0537826,42.27,-83.74
Go0537827,42.27,-83.74
Go0537828,42.27,-83.74
Go0537829,42.27,-83.74
Go0537830,42.27,-83.74
Go0537831,42.27,-83.74
Go0537832,42.27,-83.74
Go0537833,42.27,-83.74
Go0537834,42.27,-83.74
Go0537835,42.27,-83.74
Go0537836,42.27,-83.74
Go0537837,42.27,-83.74
Go0537838,42.27,-83.74
Go0537839,42.27,-83.74
Go0537840,42.27,-83.74
Go0537841,42.27,-83.74
Go0537842,42.27,-83.74
Go0537843,42.27,-83.74
Go0537844,42.27,-83.74
Go0537845,42.27,-83.74
Go0537846,42.27,-83.74
Go0537847,42.27,-83.74
Go0537848,42.27,-83.74
Go0537849,42.27,-83.74
Go0537850,42.27,-83.74
Go0537851,42.27,-83.74
Go0537852,42.27,-83.74
Go0537853,42.27,-83.74
Go0537854,42.27,-83.74
Go0537855,42.27,-83.74
Go0537856,42.27,-83.74
Go0537857,42.27,-83.74
Go0537858,42.27,-83.74
Go0537859,42.27,-83.74
Go0537860,42.27,-83.74
Go0537861,42.27,-83.74
Go0537862,42.27,-83.74
Go0537863,42.27,-83.74
Go0537864,42.27,-83.74
Go0537865,42.27,-83.74
Go0537866,42.27,-83.74
Go0537867,42.27,-83.74
Go0537868,42.27,-83.74
Go0537869,42.27,-83.74
Go0537870,42.27,-83.74
Go0537871,42.27,-83.74
Go0537872,42.27,-83.74
Go0537873,42.27,-83.74
Go0537874,42.27,-83.74
Go0537875,42.27,-83.74
Go0537876,42.27,-83.74
Go0537877,42.27,-83.74
Go0537878,42.27,-83.74
Go0537879,42.27,-83.74
Go0537880,42.27,-83.74
Go0537881,42.27,-83.74
Go0537882,42.27,-83.74
Go0537883,42.27,-83.74
Go0537884,42.27,-83.74
Go0537885,42.27,-83.74
Go0537886,42.27,-83.74
Go0537887,42.27,-83.74
Go0537888,42.27,-83.74
Go0537889,42.27,-83.74
Go0537890,42.27,-83.74
Go0537891,42.27,-83.74
Go0537892,42.27,-83.74
Go0537893,42.27,-83.74
Go0537894,42.27,-83.74
Go0537895,42.27,-83.74
Go0537896,42.27,-83.74
Go0537897,42.27,-83.74
Go0537898,42.27,-83.74
Go0537899,42.27,-83.74
Go0537900,42.27,-83.74
Go0537901,42.27,-83.74
Go0537902,42.27,-83.74
Go0537903,42.27,-83.74
Go0537904,42.27,-83.74
Go0537905,42.27,-83.74
Go0537906,42.27,-83.74
Go0537907,42.27,-83.74
Go0537908,42.27,-83.74
Go0537909,42.27,-83.74
Go0537910,42.27,-83.74
Go0537911,42.27,-83.74
Go0537912,42.27,-83.74
Go0537913,42.27,-83.74
Go0537914,42.27,-83.74
Go0537915,42.27,-83.74
Go0537916,42.27,-83.74
Go0537917,42.27,-83.74
Go0537918,42.27,-83.74
Go0537919,42.27,-83.74
Go0537920,42.27,-83.74
Go0537921,42.27,-83.74
Go0537922,42.27,-83.74
Go0537923,42.27,-83.74
Go0537924,42.27,-83.74
Go0537925,42.27,-83.74
Go0537926,42.27,-83.74
Go0537927,42.27,-83.74
Go0537928,42.27,-83.74
Go0537929,42.27,-83.74
Go0537930,42.27,-83.74
Go0537931,42.27,-83.74
Go0537932,42.27,-83.74
Go0537933,42.27,-83.74
Go0537934,42.27,-83.74
Go0537935,42.27,-83.74
Go0537936,42.27,-83.74
Go0537937,42.27,-83.74
Go0537938,42.27,-83.74
Go0537939,42.27,-83.74
Go0537940,42.27,-83.74
Go0537941,42.27,-83.74
Go0537942,42.27,-83.74
Go0537943,42.27,-83.74
Go0537944,42.27,-83.74
Go0537945,42.27,-83.74
Go0537946,42.27,-83.74
Go0537947,42.27,-83.74
Go0537948,42.27,-83.74
Go0537949,42.27,-83.74
Go0537950,42.27,-83.74
Go0537951,42.27,-83.74
Go0537952,42.27,-83.74
Go0537953,42.27,-83.74
Go0537954,42.27,-83.74
Go0537955,42.27,-83.74
Go0537956,42.27,-83.74
Go0537957,42.27,-83.74
Go0537958,42.27,-83.74
Go0537959,42.27,-83.74
Go0537960,42.27,-83.74
Go0537961,42.27,-83.74
Go0537962,42.27,-83.74
Go0537963,42.27,-83.74
Go0537964,42.27,-83.74
Go0537965,42.27,-83.74
Go0537966,42.27,-83.74
Go0537967,42.27,-83.74
Go0537968,42.27,-83.74
Go0537969,42.27,-83.74
Go0537970,42.27,-83.74
Go0537971,42.27,-83.74
Go0537972,42.27,-83.74
Go0537973,42.27,-83.74
Go0537974,42.27,-83.74
Go0537975,42.27,-83.74
Go0537976,42.27,-83.74
Go0537977,42.27,-83.74
Go0537978,42.27,-83.74
Go0537979,42.27,-83.74
Go0537980,42.27,-83.74
Go0537981,42.27,-83.74
Go0537982,42.27,-83.74
Go0537983,42.27,-83.74
Go0537984,42.27,-83.74
Go0537985,42.27,-83.74
Go0537986,42.27,-83.74
Go0537987,42.27,-83.74
Go0537988,42.27,-83.74
Go0537989,42.27,-83.74
Go0537990,42.27,-83.74
Go0537991,42.27,-83.74
Go0537992,42.27,-83.74
Go0537993,42.27,-83.74
Go0537994,42.27,-83.74
Go0537995,42.27,-83.74
Go0537996,42.27,-83.74
Go0537997,42.27,-83.74
Go0537998,42.27,-83.74
Go0537999,42.27,-83.74
Go0538000,42.27,-83.74
Go0538001,42.27,-83.74
Go0538002,42.27,-83.74
Go0538003,42.27,-83.74
Go0538004,42.27,-83.74
Go0538005,42.27,-83.74
Go0538006,42.27,-83.74
Go0538007,42.27,-83.74
Go0538008,42.27,-83.74
Go0538009,42.27,-83.74
Go0538010,42.27,-83.74
Go0538011,42.27,-83.74
Go0538012,42.27,-83.74
Go0538013,42.27,-83.74
Go0538014,42.27,-83.74
Go0538015,42.27,-83.74
Go0538016,42.27,-83.74
Go0538017,42.27,-83.74
Go0538018,42.27,-83.74
Go0538019,42.27,-83.74
Go0538020,42.27,-83.74
Go0538027,34.29,-79.74
Go0538028,34.29,-79.74
Go0538029,34.29,-79.74
Go0538030,34.29,-79.74
Go0538031,34.29,-79.74
Go0538032,34.29,-79.74
Go0538033,34.29,-79.74
Go0538034,34.29,-79.74
Go0538035,34.29,-79.74
Go0538036,34.29,-79.74
Go0538037,41.1591,-96.4086
Go0538038,41.1591,-96.4086
Go0538039,41.1591,-96.4086
Go0538040,41.1591,-96.4086
Go0538042,41.1591,-96.4086
Go0538043,41.1591,-96.4086
Go0538044,41.1591,-96.4086
Go0538045,41.1591,-96.4086
Go0538047,41.1591,-96.4086
Go0538048,41.146,-96.436
Go0538049,41.146,-96.436
Go0538050,41.146,-96.436
Go0538051,41.146,-96.436
Go0538053,41.146,-96.436
Go0538054,41.146,-96.436
Go0538055,41.146,-96.436
Go0538056,41.146,-96.436
Go0538057,41.146,-96.436
Go0538058,41.146,-96.436
Go0538059,41.146,-96.436
Go0538060,41.146,-96.436
Go0538061,41.146,-96.436
Go0538062,41.146,-96.436
Go0538063,41.146,-96.436
Go0538064,41.146,-96.436
Go0538065,41.146,-96.436
Go0538066,41.146,-96.436
Go0538067,41.146,-96.436
Go0538068,34.29,-79.74
Go0538069,34.29,-79.74
Go0538070,41.1591,-96.4086
Go0538071,41.146,-96.436
Go0538158,40.7838,14.0744
Go0538159,40.7835,14
Go0538160,25.7338,-80.2269
Go0551224,29.6292,-82.3208
Go0551225,40.0375,-75.342
Go0551226,50.1248,-106.341
Go0551227,60.1235,-18.639
Go0551228,50.1248,-106.341
Go0551592,4.4204,13.6027
Go0551682,47.282461,7.914226
Go0552578,48.74,6.34
Go0552579,48.74,6.34
Go0552580,48.74,6.34
Go0552581,48.74,6.34
Go0552582,48.74,6.34
Go0552583,48.74,6.34
Go0552584,34.29,-79.74
Go0552585,34.29,-79.74
Go0552586,34.29,-79.74
Go0552587,34.29,-79.74
Go0552588,41.1591,-96.4086
Go0552589,41.1591,-96.4086
Go0552590,41.1591,-96.4086
Go0552592,41.1591,-96.4086
Go0552593,41.1591,-96.4086
Go0552594,41.1591,-96.4086
Go0552595,41.1591,-96.4086
Go0552596,41.1591,-96.4086
Go0552597,41.146,-96.436
Go0552598,41.146,-96.436
Go0552599,41.146,-96.436
Go0552600,41.146,-96.436
Go0552601,41.146,-96.436
Go0552602,41.146,-96.436
Go0552603,41.146,-96.436
Go0552604,41.146,-96.436
Go0552606,41.146,-96.436
Go0552607,41.146,-96.436
Go0552608,41.146,-96.436
Go0552609,41.146,-96.436
Go0552610,41.146,-96.436
Go0552611,41.146,-96.436
Go0552612,41.146,-96.436
Go0552613,41.146,-96.436
Go0552614,41.146,-96.436
Go0552615,41.146,-96.436
Go0552616,41.146,-96.436
Go0552617,41.146,-96.436
Go0552618,41.146,-96.436
Go0552619,41.146,-96.436
Go0552620,41.146,-96.436
Go0552621,41.146,-96.436
Go0552622,41.146,-96.436
Go0552623,41.146,-96.436
Go0552624,41.146,-96.436
Go0552625,41.146,-96.436
Go0552626,41.146,-96.436
Go0552628,41.146,-96.436
Go0552629,41.146,-96.436
Go0552630,41.146,-96.436
Go0552631,41.146,-96.436
Go0553082,44.8523,-92.6212
Go0553083,44.8523,-92.6212
Go0553084,38.8932,-98.8527
Go0553085,42.5046,-89.0317
Go0553086,38.9172,-104.8252
Go0553087,38.9172,-104.8252
Go0553090,43.3158,-91.7984
Go0553092,45.0058,-93.0633
Go0553094,43.0771,-89.4093
Go0553095,44.8523,-92.6212
Go0553096,45.006,-93.1566
Go0553097,38.8956,-98.8258
Go0553099,45.2188,-93.2842
Go0553101,43.3158,-91.7984
Go0553102,43.3158,-91.7984
Go0553104,43.3158,-91.7984
Go0553106,43.3158,-91.7984
Go0553108,43.3158,-91.7984
Go0553110,43.3158,-91.7984
Go0553111,45.076,-93.3327
Go0553112,45.076,-93.3327
Go0553113,38.9172,-104.8252
Go0553117,38.9172,-104.8252
Go0553119,38.9172,-104.8252
Go0553120,45.0326,-93.169
Go0553121,42.5041,-89.0322
Go0553122,42.5046,-89.0317
Go0553123,67.0933,50.0018
Go0553158,44.8523,-92.6212
Go0553162,41.879,-101.947
Go0553163,41.1593,-102.0259
Go0553164,41.1593,-102.0259
Go0553165,41.1593,-102.0259
Go0553166,34.29,-79.74
Go0553167,34.29,-79.74
Go0553168,42.444,-76.5019
Go0553169,42.444,-76.5019
Go0553170,42.444,-76.5019
Go0553171,42.444,-76.5019
Go0553173,42.444,-76.5019
Go0553175,42.444,-76.5019
Go0553176,42.444,-76.5019
Go0553177,42.444,-76.5019
Go0553179,42.444,-76.5019
Go0553180,42.444,-76.5019
Go0553181,42.444,-76.5019
Go0553182,42.444,-76.5019
Go0553183,42.444,-76.5019
Go0553185,42.444,-76.5019
Go0553186,42.444,-76.5019
Go0553187,42.444,-76.5019
Go0553188,42.444,-76.5019
Go0553189,42.444,-76.5019
Go0553190,42.444,-76.5019
Go0553191,42.444,-76.5019
Go0553193,42.444,-76.5019
Go0553194,42.444,-76.5019
Go0553195,42.444,-76.5019
Go0553197,42.444,-76.5019
Go0553198,42.444,-76.5019
Go0553199,42.444,-76.5019
Go0553200,42.444,-76.5019
Go0553201,42.444,-76.5019
Go0553202,42.444,-76.5019
Go0553203,42.444,-76.5019
Go0553204,42.444,-76.5019
Go0553205,42.444,-76.5019
Go0553206,42.444,-76.5019
Go0553207,42.444,-76.5019
Go0553208,42.444,-76.5019
Go0553209,42.444,-76.5019
Go0553210,42.444,-76.5019
Go0553211,42.444,-76.5019
Go0553213,42.444,-76.5019
Go0553214,41.879,-101.947
Go0553215,41.929,-101.928
Go0553217,41.93,-101.929
Go0553218,41.1591,-96.4086
Go0553219,41.1591,-96.4086
Go0553220,41.1613,-96.4243
Go0553221,41.1613,-96.4243
Go0553222,41.1613,-96.4243
Go0553223,41.1613,-96.4243
Go0553224,41.1591,-96.4086
Go0553225,41.1613,-96.4243
Go0553226,41.1591,-96.4086
Go0553227,41.1591,-96.4086
Go0553228,41.1591,-96.4086
Go0553229,41.1591,-96.4086
Go0553230,41.1613,-96.4243
Go0553231,41.1613,-96.4243
Go0553232,41.838,-101.993
Go0553233,41.146,-96.436
Go0553234,41.146,-96.436
Go0553235,41.146,-96.436
Go0553236,41.146,-96.436
Go0553237,41.146,-96.436
Go0553238,41.146,-96.436
Go0553239,41.146,-96.436
Go0553240,41.146,-96.436
Go0553241,41.146,-96.436
Go0553242,41.1593,-102.0259
Go0553243,41.1593,-102.0259
Go0553244,34.29,-79.74
Go0553245,34.29,-79.74
Go0553246,42.444,-76.5019
Go0553247,42.444,-76.5019
Go0553248,42.444,-76.5019
Go0553249,42.444,-76.5019
Go0553250,42.444,-76.5019
Go0553251,42.444,-76.5019
Go0553252,42.444,-76.5019
Go0553253,42.444,-76.5019
Go0553254,42.444,-76.5019
Go0553255,42.444,-76.5019
Go0553256,42.444,-76.5019
Go0553257,42.444,-76.5019
Go0553258,42.444,-76.5019
Go0553259,42.444,-76.5019
Go0553260,42.444,-76.5019
Go0553261,42.444,-76.5019
Go0553262,42.444,-76.5019
Go0553263,42.444,-76.5019
Go0553264,42.444,-76.5019
Go0553265,42.444,-76.5019
Go0553266,42.444,-76.5019
Go0553267,42.444,-76.5019
Go0553268,42.444,-76.5019
Go0553269,42.444,-76.5019
Go0553270,42.444,-76.5019
Go0553271,42.444,-76.5019
Go0553272,42.444,-76.5019
Go0553274,42.444,-76.5019
Go0553275,42.444,-76.5019
Go0553276,42.444,-76.5019
Go0553277,42.444,-76.5019
Go0553278,42.444,-76.5019
Go0553279,42.444,-76.5019
Go0553282,42.444,-76.5019
Go0553283,42.444,-76.5019
Go0553284,42.444,-76.5019
Go0553285,42.444,-76.5019
Go0553286,42.444,-76.5019
Go0553287,42.444,-76.5019
Go0553288,42.444,-76.5019
Go0553289,42.444,-76.5019
Go0553290,42.444,-76.5019
Go0553291,42.444,-76.5019
Go0553292,42.444,-76.5019
Go0553293,42.444,-76.5019
Go0553294,42.444,-76.5019
Go0553295,42.444,-76.5019
Go0553296,42.444,-76.5019
Go0553297,42.444,-76.5019
Go0553298,42.444,-76.5019
Go0553299,42.444,-76.5019
Go0553300,42.444,-76.5019
Go0553301,42.444,-76.5019
Go0553302,42.444,-76.5019
Go0553303,42.444,-76.5019
Go0553304,42.444,-76.5019
Go0553305,42.444,-76.5019
Go0553306,42.444,-76.5019
Go0553307,42.444,-76.5019
Go0553308,41.879,-101.947
Go0553309,41.839,-101.993
Go0553310,41.879,-101.947
Go0553311,41.929,-101.929
Go0553312,41.929,-101.928
Go0553313,41.929,-101.928
Go0553314,41.879,-101.947
Go0553315,41.877,-101.944
Go0553316,41.929,-101.929
Go0553317,41.929,-101.929
Go0553318,41.929,-101.929
Go0553319,41.929,-101.929
Go0553320,41.838,-101.993
Go0553321,41.838,-101.993
Go0553322,41.1591,-96.4086
Go0553323,41.1591,-96.4086
Go0553324,41.1613,-96.4243
Go0553325,41.1613,-96.4243
Go0553326,41.1591,-96.4086
Go0553327,41.1591,-96.4086
Go0553328,41.1591,-96.4086
Go0553329,41.1591,-96.4086
Go0553330,41.1613,-96.6752
Go0553331,41.146,-96.436
Go0553332,41.146,-96.436
Go0553333,41.146,-96.436
Go0553334,41.146,-96.436
Go0553335,41.146,-96.436
Go0553336,41.146,-96.436
Go0553337,41.146,-96.436
Go0553338,41.146,-96.436
Go0553339,41.146,-96.436
Go0553340,41.146,-96.436
Go0553341,42.3167,-102.4169
Go0553342,41.879,-101.947
Go0553343,41.929,-101.928
Go0553344,41.877,-101.944
Go0553345,41.93,-101.929
Go0554788,29.584,-90.731
Go0554789,29.584,-90.731
Go0554806,30.6107,-96.3492
Go0554811,-23.648,-46.616
Go0554813,-23.648,-46.616
Go0554814,-23.648,-46.616
Go0554815,-23.648,-46.616
Go0554816,-23.648,-46.616
Go0554817,-23.648,-46.616
Go0554818,-23.648,-46.616
Go0554819,-23.648,-46.616
Go0554820,-23.648,-46.616
Go0554821,-23.648,-46.616
Go0554822,-23.648,-46.616
Go0554823,-23.648,-46.616
Go0564611,46.375,19.335
Go0564612,33.474,135.782
Go0564613,36.533,138.337
Go0564705,42.444,-76.5019
Go0564706,42.444,-76.5019
Go0564707,42.444,-76.5019
Go0564708,42.444,-76.5019
Go0564710,42.444,-76.5019
Go0564711,42.444,-76.5019
Go0564712,42.444,-76.5019
Go0564713,41.879,-101.947
Go0564714,41.879,-101.947
Go0564715,41.838,-101.993
Go0564716,41.1613,-96.4243
Go0564717,41.1613,-96.4243
Go0564718,41.1593,-102.0259
Go0564719,41.146,-96.436
Go0564788,14.4095214,101.3723294
Go0564793,33.4611,-111.9426
Go0564794,33.4611,-111.9426
Go0564795,33.4611,-111.9426
Go0564796,33.4611,-111.9426
Go0564797,33.4611,-111.9426
Go0564798,33.4611,-111.9426
Go0564799,33.4611,-111.9426
Go0564800,33.4611,-111.9426
Go0564801,33.4611,-111.9426
Go0564802,33.4611,-111.9426
Go0564803,33.4611,-111.9426
Go0564808,47.6987,19.0472
Go0564809,38.02,-122.48
Go0564893,34.7253,-86.6902
Go0564894,34.7253,-86.6902
Go0564895,34.7253,-86.6902
Go0564896,34.7253,-86.6902
Go0564916,-8.7832,-124.5085
Go0568417,43.31,-112.27
Go0568418,41.5073,-71.059
Go0568419,37.1011,70.5554
Go0568420,34.9264,68.3513
Go0568421,21.6915,43.5575
Go0568422,34.06,-116.22
Go0570872,38.1969,-90.1292
Go0570874,48.74,6.34
Go0570875,48.74,6.34
Go0570876,48.74,6.34
Go0570877,48.74,6.34
Go0570878,48.74,6.34
Go0570879,38.5376,-121.7644
Go0570880,38.5376,-121.7644
Go0570881,38.5376,-121.7644
Go0570882,38.5376,-121.7644
Go0570883,38.5376,-121.7644
Go0570884,38.5376,-121.7644
Go0570885,38.5376,-121.7644
Go0570886,38.5376,-121.7644
Go0570887,38.5376,-121.7644
Go0570888,38.5376,-121.7644
Go0570889,38.5376,-121.7644
Go0570890,38.5376,-121.7644
Go0570891,38.5376,-121.7644
Go0570892,38.5376,-121.7644
Go0570893,38.5376,-121.7644
Go0570914,38.7752789049631,-4.84291773774981
Go0570919,38.7752268316595,-4.84176676414705
Go0571298,38.7752268316595,-4.84176676414705
Go0571299,38.7752268316595,-4.84176676414705
Go0571300,38.7752268316595,-4.84176676414705
Go0571301,38.7752268316595,-4.84176676414705
Go0571302,38.7752268316595,-4.84176676414705
Go0571304,42.5,-72.2
Go0579162,40.4479,-3.7217
Go0579240,34.414,-119.849
Go0579242,33.5767,-102.0852
Go0579243,33.5767,-102.0852
Go0579245,33.5767,-102.0852
Go0579246,33.5767,-102.0852
Go0579247,33.5767,-102.0852
Go0579248,33.5767,-102.0852
Go0579249,33.5767,-102.0852
Go0579250,33.5767,-102.0852
Go0579251,33.5767,-102.0852
Go0579252,33.5767,-102.0852
Go0579253,33.5767,-102.0852
Go0579254,33.5766,-102.0852
Go0579255,33.5767,-102.0852
Go0579256,33.5767,-102.0852
Go0579257,33.5767,-102.0852
Go0579258,33.5767,-102.0852
Go0579259,33.5767,-102.0852
Go0579260,33.5767,-102.0852
Go0579261,33.5767,-102.0852
Go0579262,33.5767,-102.0852
Go0579263,33.5767,-102.0852
Go0579264,33.5767,-102.0852
Go0579265,33.5767,-102.0852
Go0579266,33.5767,-102.0852
Go0579267,33.5767,-102.0852
Go0579268,33.5767,-102.0852
Go0579269,33.5767,-102.0852
Go0579270,33.5767,-102.0852
Go0579271,33.5767,-102.0852
Go0579272,33.5767,-102.0852
Go0579273,33.5767,-102.0852
Go0579274,33.5767,-102.0852
Go0579275,33.5767,-102.0852
Go0579276,33.5767,-102.0852
Go0579277,33.5767,-102.0852
Go0579278,33.5767,-102.0852
Go0579279,33.5767,-102.0852
Go0579280,33.5767,-102.0852
Go0579281,33.5767,-102.0852
Go0579282,33.5767,-102.0852
Go0579283,33.5767,-102.0852
Go0579284,33.5767,-102.0852
Go0579285,33.5767,-102.0852
Go0579286,33.5767,-102.0852
Go0579287,33.5767,-102.0852
Go0579288,33.5767,-102.0852
Go0579289,33.5767,-102.0852
Go0579290,33.5767,-102.0852
Go0579291,33.5767,-102.0852
Go0579292,33.5767,-102.0852
Go0579293,33.5767,-102.0852
Go0579294,33.5767,-102.0852
Go0579295,33.5767,-102.0852
Go0579296,33.5767,-102.0852
Go0579297,33.5767,-102.0852
Go0579298,33.5767,-102.0852
Go0579299,33.5767,-102.0852
Go0579300,33.5767,-102.0852
Go0579301,33.5767,-102.0852
Go0579302,33.5767,-102.0852
Go0579303,33.5767,-102.0852
Go0579304,33.5767,-102.0852
Go0579305,33.5767,-102.0852
Go0579306,33.5767,-102.0852
Go0579307,33.5767,-102.0852
Go0579308,33.5767,-102.0852
Go0579309,33.5767,-102.0852
Go0579310,33.5767,-102.0852
Go0579311,33.5767,-102.0852
Go0579312,33.5767,-102.0852
Go0579313,33.5767,-102.0852
Go0579314,33.5767,-102.0852
Go0579315,33.5767,-102.0852
Go0579316,33.5767,-102.0852
Go0579317,33.5767,-102.0852
Go0579318,33.5767,-102.0852
Go0579319,33.5767,-102.0852
Go0579320,33.5767,-102.0852
Go0579321,33.5767,-102.0852
Go0579322,33.5767,-102.0852
Go0579323,33.5767,-102.0852
Go0579324,33.5767,-102.0852
Go0579325,33.5767,-102.0852
Go0579326,33.5767,-102.0852
Go0579327,33.5767,-102.0852
Go0579328,33.5767,-102.0852
Go0579329,33.5767,-102.0852
Go0579330,33.5767,-102.0852
Go0579331,33.5767,-102.0852
Go0579332,33.5767,-102.0852
Go0579333,33.5767,-102.0852
Go0579334,33.5767,-102.0852
Go0579335,33.5767,-102.0852
Go0579336,33.5767,-102.0852
Go0579337,33.5767,-102.0852
Go0579338,33.5767,-102.0852
Go0579339,33.5767,-102.0852
Go0579340,33.5767,-102.0852
Go0579341,33.5767,-102.0852
Go0579342,33.5767,-102.0852
Go0579343,33.5767,-102.0852
Go0579344,33.5767,-102.0852
Go0579345,33.5767,-102.0852
Go0579346,33.5767,-102.0852
Go0579347,33.5767,-102.0852
Go0579348,33.5767,-102.0852
Go0579349,33.5767,-102.0852
Go0579350,33.5767,-102.0852
Go0579351,33.5767,-102.0852
Go0579352,33.5767,-102.0852
Go0579353,33.5767,-102.0852
Go0579354,33.5767,-102.0852
Go0579355,33.5767,-102.0852
Go0579356,33.5767,-102.0852
Go0579357,33.5767,-102.0852
Go0579358,33.5767,-102.0852
Go0579359,33.5767,-102.0852
Go0579360,33.5767,-102.0852
Go0579361,33.5767,-102.0852
Go0579362,33.5767,-102.0852
Go0579363,33.5767,-102.0852
Go0579364,33.5767,-102.0852
Go0579365,33.5767,-102.0852
Go0579366,33.5767,-102.0852
Go0579367,33.5767,-102.0852
Go0579368,33.5767,-102.0852
Go0579369,33.5767,-102.0852
Go0579370,33.5767,-102.0852
Go0579371,33.5767,-102.0852
Go0579372,33.5767,-102.0852
Go0579373,33.5767,-102.0852
Go0579374,33.5767,-102.0852
Go0579375,33.5767,-102.0852
Go0579376,33.5767,-102.0852
Go0579377,33.5767,-102.0852
Go0579378,33.5767,-102.0852
Go0579379,33.5767,-102.0852
Go0579380,33.5767,-102.0852
Go0579381,33.5767,-102.0852
Go0579382,33.5767,-102.0852
Go0579384,33.5767,-102.0852
Go0579385,33.5767,-102.0852
Go0579386,33.5767,-102.0852
Go0579387,33.5767,-102.0852
Go0579388,33.5767,-102.0852
Go0579389,33.5767,-102.0852
Go0579390,33.5767,-102.0852
Go0579391,33.5767,-102.0852
Go0579392,33.5767,-102.0852
Go0579393,33.5767,-102.0852
Go0579394,33.5767,-102.0852
Go0579395,33.5767,-102.0852
Go0579396,33.5767,-102.0852
Go0579397,33.5767,-102.0852
Go0579398,33.5767,-102.0852
Go0579399,33.5767,-102.0852
Go0579400,33.5767,-102.0852
Go0579401,33.5767,-102.0852
Go0579402,33.5767,-102.0852
Go0579403,33.5767,-102.0852
Go0579404,33.5767,-102.0852
Go0579405,33.5767,-102.0852
Go0579406,33.5767,-102.0852
Go0579407,33.5767,-102.0852
Go0579408,33.5767,-102.0852
Go0579409,33.5767,-102.0852
Go0579410,33.5767,-102.0852
Go0579411,33.5767,-102.0852
Go0579412,33.5767,-102.0852
Go0579413,33.5767,-102.0852
Go0579414,33.5767,-102.0852
Go0579415,33.5767,-102.0852
Go0579416,33.5767,-102.0852
Go0579417,33.5767,-102.0852
Go0579418,33.5767,-102.0852
Go0579419,33.5767,-102.0852
Go0579420,33.5767,-102.0852
Go0579421,33.5767,-102.0852
Go0579422,33.5767,-102.0852
Go0579423,33.5767,-102.0852
Go0579424,33.5767,-102.0852
Go0579425,33.5767,-102.0852
Go0579426,33.5767,-102.0852
Go0579427,33.5767,-102.0852
Go0579428,33.5767,-102.0852
Go0579429,33.5767,-102.0852
Go0579430,33.5767,-102.0852
Go0579431,33.5767,-102.0852
Go0579432,33.5767,-102.0852
Go0579433,33.5767,-102.0852
Go0579434,33.5767,-102.0852
Go0579435,33.5767,-102.0852
Go0579436,33.5767,-102.0852
Go0579437,33.5767,-102.0852
Go0579438,33.5767,-102.0852
Go0579439,33.5767,-102.0852
Go0579440,33.5767,-102.0852
Go0579441,33.5767,-102.0852
Go0579442,33.5767,-102.0852
Go0579443,33.5767,-102.0852
Go0579444,33.5767,-102.0852
Go0579445,33.5767,-102.0852
Go0579446,33.5767,-102.0852
Go0579447,33.5767,-102.0852
Go0579448,33.5767,-102.0852
Go0579449,33.5767,-102.0852
Go0579450,33.5767,-102.0852
Go0579451,33.5767,-102.0852
Go0579452,33.5767,-102.0852
Go0579453,33.5767,-102.0852
Go0579454,33.5767,-102.0852
Go0579455,33.5767,-102.0852
Go0579456,33.5767,-102.0852
Go0579457,33.5767,-102.0852
Go0579458,33.5767,-102.0852
Go0579459,33.5767,-102.0852
Go0579460,33.5767,-102.0852
Go0579461,33.5767,-102.0852
Go0579462,33.5767,-102.0852
Go0579463,33.5767,-102.0852
Go0579464,33.5767,-102.0852
Go0579465,33.5767,-102.0852
Go0579466,33.5767,-102.0852
Go0579467,33.5767,-102.0852
Go0579468,33.5767,-102.0852
Go0579469,33.5767,-102.0852
Go0579470,33.5767,-102.0852
Go0579471,33.5767,-102.0852
Go0579472,33.5767,-102.0852
Go0579473,33.5767,-102.0852
Go0579474,33.5767,-102.0852
Go0579475,33.5767,-102.0852
Go0579476,33.5767,-102.0852
Go0579477,33.5767,-102.0852
Go0579478,33.5767,-102.0852
Go0579479,33.5767,-102.0852
Go0579480,33.5767,-102.0852
Go0579481,33.5767,-102.0852
Go0579482,33.5767,-102.0852
Go0579483,33.5767,-102.0852
Go0579484,33.5767,-102.0852
Go0579485,33.5767,-102.0852
Go0579486,33.5767,-102.0852
Go0579487,33.5767,-102.0852
Go0579488,33.5767,-102.0852
Go0579489,33.5767,-102.0852
Go0579490,33.5767,-102.0852
Go0579491,33.5767,-102.0852
Go0579492,33.5767,-102.0852
Go0579493,33.5767,-102.0852
Go0579494,33.5767,-102.0852
Go0579495,33.5767,-102.0852
Go0579496,33.5767,-102.0852
Go0579497,33.5767,-102.0852
Go0579498,33.5767,-102.0852
Go0579499,33.5767,-102.0852
Go0579500,33.5767,-102.0852
Go0579501,33.5767,-102.0852
Go0579502,33.5767,-102.0852
Go0579503,33.5767,-102.0852
Go0579504,33.5767,-102.0852
Go0579505,33.5767,-102.0852
Go0579506,33.5767,-102.0852
Go0579507,33.5767,-102.0852
Go0579508,33.5767,-102.0852
Go0579509,33.5767,-102.0852
Go0579510,33.5767,-102.0852
Go0579511,33.5767,-102.0852
Go0579512,33.5767,-102.0852
Go0579513,33.5767,-102.0852
Go0579514,33.5767,-102.0852
Go0579515,33.5767,-102.0852
Go0579516,33.5767,-102.0852
Go0579517,33.5767,-102.0852
Go0579518,33.5767,-102.0852
Go0579519,33.5767,-102.0852
Go0579520,33.5767,-102.0852
Go0579521,33.5767,-102.0852
Go0579522,33.5767,-102.0852
Go0579523,33.5767,-102.0852
Go0579524,33.5767,-102.0852
Go0579525,33.5767,-102.0852
Go0579526,33.5767,-102.0852
Go0579527,33.5767,-102.0852
Go0579528,33.5767,-102.0852
Go0579529,33.5767,-102.0852
Go0579530,33.5767,-102.0852
Go0579531,33.5767,-102.0852
Go0579532,33.5767,-102.0852
Go0579533,33.5767,-102.0852
Go0579534,33.5767,-102.0852
Go0579535,33.5767,-102.0852
Go0579536,33.5767,-102.0852
Go0579537,33.5767,-102.0852
Go0579538,33.5767,-102.0852
Go0579539,33.5767,-102.0852
Go0579540,33.5767,-102.0852
Go0579541,33.5767,-102.0852
Go0579542,33.5767,-102.0852
Go0579543,33.5767,-102.0852
Go0579544,33.5767,-102.0852
Go0579545,33.5767,-102.0852
Go0579546,33.5767,-102.0852
Go0579547,33.5767,-102.0852
Go0579548,33.5767,-102.0852
Go0579549,33.5767,-102.0852
Go0579550,33.5767,-102.0852
Go0579551,33.5767,-102.0852
Go0579552,33.5767,-102.0852
Go0579553,33.5767,-102.0852
Go0579554,33.5767,-102.0852
Go0579555,33.5767,-102.0852
Go0579557,33.5767,-102.0852
Go0579558,33.5767,-102.0852
Go0579559,33.5767,-102.0852
Go0579560,33.5767,-102.0852
Go0579561,33.5767,-102.0852
Go0579562,33.5767,-102.0852
Go0579563,33.5767,-102.0852
Go0579564,33.5767,-102.0852
Go0579565,33.5767,-102.0852
Go0579566,33.5767,-102.0852
Go0579567,33.5767,-102.0852
Go0579568,33.5767,-102.0852
Go0579569,33.5767,-102.0852
Go0579570,33.5767,-102.0852
Go0579571,33.5766,-102.0852
Go0579572,33.5767,-102.0852
Go0579573,33.5767,-102.0852
Go0579574,33.5767,-102.0852
Go0579575,33.5767,-102.0852
Go0579576,33.5767,-102.0852
Go0579577,33.5767,-102.0852
Go0579578,33.5767,-102.0852
Go0579579,33.5767,-102.0852
Go0579580,33.5767,-102.0852
Go0579581,33.5767,-102.0852
Go0579582,33.5767,-102.0852
Go0579583,33.5767,-102.0852
Go0579584,33.5767,-102.0852
Go0579585,33.5767,-102.0852
Go0579586,33.5767,-102.0852
Go0579587,33.5767,-102.0852
Go0579588,33.5767,-102.0852
Go0579589,33.5767,-102.0852
Go0579590,33.5767,-102.0852
Go0579591,33.5767,-102.0852
Go0579592,33.5767,-102.0852
Go0579593,33.5767,-102.0852
Go0579594,33.5767,-102.0852
Go0579595,33.5767,-102.0852
Go0579596,33.5767,-102.0852
Go0579597,33.5767,-102.0852
Go0579598,33.5767,-102.0852
Go0579599,33.5767,-102.0852
Go0579600,33.5767,-102.0852
Go0579601,33.5767,-102.0852
Go0579602,33.5767,-102.0852
Go0579603,33.5767,-102.0852
Go0579604,33.5767,-102.0852
Go0579605,33.5767,-102.0852
Go0579606,33.5767,-102.0852
Go0579608,33.5767,-102.0852
Go0579609,33.5767,-102.0852
Go0579610,33.5767,-102.0852
Go0579611,33.5767,-102.0852
Go0579612,33.5767,-102.0852
Go0579613,33.5767,-102.0852
Go0579614,33.5767,-102.0852
Go0579615,33.5767,-102.0852
Go0579616,33.5767,-102.0852
Go0579617,33.5767,-102.0852
Go0579618,33.5767,-102.0852
Go0579619,33.5767,-102.0852
Go0579620,33.5767,-102.0852
Go0579621,33.5767,-102.0852
Go0579622,33.5767,-102.0852
Go0579623,33.5767,-102.0852
Go0579624,33.5767,-102.0852
Go0579625,33.5767,-102.0852
Go0579626,33.5767,-102.0852
Go0579627,33.5767,-102.0852
Go0579628,33.5767,-102.0852
Go0579629,33.5767,-102.0852
Go0579630,33.5767,-102.0852
Go0579631,33.5767,-102.0852
Go0579632,33.5767,-102.0852
Go0579633,33.5767,-102.0852
Go0579634,33.5767,-102.0852
Go0579635,33.5767,-102.0852
Go0579636,33.5767,-102.0852
Go0579637,33.5767,-102.0852
Go0579638,33.5767,-102.0852
Go0579639,33.5767,-102.0852
Go0579640,33.5767,-102.0852
Go0579641,33.5767,-102.0852
Go0579642,33.5767,-102.0852
Go0579643,33.5767,-102.0852
Go0579644,33.5767,-102.0852
Go0579645,33.5767,-102.0852
Go0579646,33.5767,-102.0852
Go0579647,33.5767,-102.0852
Go0580064,33.5767,-102.0852
Go0580065,33.5767,-102.0852
Go0580066,33.5767,-102.0852
Go0580067,33.5767,-102.0852
Go0580068,33.5767,-102.0852
Go0580069,33.5767,-102.0852
Go0580070,33.5767,-102.0852
Go0580071,33.5767,-102.0852
Go0580072,33.5767,-102.0852
Go0580073,33.5767,-102.0852
Go0580074,33.5767,-102.0852
Go0580075,33.5767,-102.0852
Go0580076,33.5767,-102.0852
Go0580077,33.5767,-102.0852
Go0580078,33.5767,-102.0852
Go0580079,33.5767,-102.0852
Go0580080,33.5767,-102.0852
Go0580082,33.5767,-102.0852
Go0580083,33.5767,-102.0852
Go0580084,33.5767,-102.0852
Go0580085,33.5767,-102.0852
Go0580086,33.5767,-102.0852
Go0580087,33.5767,-102.0852
Go0580088,33.5767,-102.0852
Go0580089,33.5767,-102.0852
Go0580090,33.5767,-102.0852
Go0580091,33.5767,-102.0852
Go0580092,33.5767,-102.0852
Go0580093,33.5767,-102.0852
Go0580094,33.5767,-102.0852
Go0580095,33.5767,-102.0852
Go0580096,33.5767,-102.0852
Go0580097,33.5767,-102.0852
Go0580098,33.5767,-102.0852
Go0580099,33.5767,-102.0852
Go0580100,33.5767,-102.0852
Go0580101,33.5767,-102.0852
Go0580102,33.5767,-102.0852
Go0580103,33.5767,-102.0852
Go0580104,33.5767,-102.0852
Go0580105,33.5767,-102.0852
Go0580106,33.5767,-102.0852
Go0580107,33.5767,-102.0852
Go0580108,33.5767,-102.0852
Go0580109,33.5767,-102.0852
Go0580110,33.5767,-102.0852
Go0580111,33.5767,-102.0852
Go0580112,33.5767,-102.0852
Go0580113,33.5767,-102.0852
Go0580114,33.5767,-102.0852
Go0580115,33.5767,-102.0852
Go0580116,33.5767,-102.0852
Go0580117,33.5767,-102.0852
Go0580118,33.5767,-102.0852
Go0580119,33.5767,-102.0852
Go0580120,33.5767,-102.0852
Go0580121,33.5767,-102.0852
Go0580122,33.5767,-102.0852
Go0580123,33.5767,-102.0852
Go0580124,33.5767,-102.0852
Go0580125,33.5767,-102.0852
Go0580126,33.5767,-102.0852
Go0580127,33.5767,-102.0852
Go0580128,33.5767,-102.0852
Go0580129,33.5767,-102.0852
Go0580130,33.5767,-102.0852
Go0580131,33.5767,-102.0852
Go0580132,33.5767,-102.0852
Go0580133,33.5767,-102.0852
Go0580134,33.5767,-102.0852
Go0580135,33.5767,-102.0852
Go0580136,33.5767,-102.0852
Go0580137,33.5767,-102.0852
Go0580138,33.5767,-102.0852
Go0580139,33.5767,-102.0852
Go0580140,33.5767,-102.0852
Go0580141,33.5767,-102.0852
Go0580142,33.5767,-102.0852
Go0580143,33.5767,-102.0852
Go0580144,33.5767,-102.0852
Go0580145,33.5767,-102.0852
Go0580146,33.5767,-102.0852
Go0580147,33.5767,-102.0852
Go0580148,33.5767,-102.0852
Go0580149,33.5767,-102.0852
Go0580150,33.5767,-102.0852
Go0580151,33.5767,-102.0852
Go0580152,33.5767,-102.0852
Go0580153,33.5767,-102.0852
Go0580154,33.5767,-102.0852
Go0580155,33.5767,-102.0852
Go0580370,30.591,100.138
Go0580371,36.145,97.007
Go0580372,29.369,100.829
Go0580396,-35.8361,136.8553
Go0580397,-35.607,138.2381
Go0580398,-41.2738,145.6147
Go0580399,-41.2738,145.6148
Go0580400,-35.6069,138.2404
Go0580401,-41.475,145.4575
Go0580402,-41.4758,145.4605
Go0580403,-35.9512,136.7097
Go0580404,-35.6069,138.2385
Go0580406,50.124833,-106.34117
Go0580407,50.124833,-106.34117
Go0580408,36.600831,-119.510868
Go0580409,36.600831,-119.510868
Go0580410,36.600831,-119.510868
Go0580411,36.600831,-119.510868
Go0580412,36.600831,-119.510868
Go0580413,36.600831,-119.510868
Go0580414,36.600831,-119.510868
Go0580415,36.600831,-119.510868
Go0580416,36.600831,-119.510868
Go0580417,36.600831,-119.510868
Go0580418,36.600831,-119.510868
Go0580419,36.600831,-119.510868
Go0580420,-66.472102,110.547559
Go0580421,-54.63138889,158.8708333
Go0580423,-66.472102,110.547559
Go0580455,44.8164,-93.4286
Go0580552,42.5,-72.2
Go0580553,46.2804,-119.2752
Go0582520,31.4387,-83.5802
Go0582521,31.4387,-83.5802
Go0582522,31.4387,-83.5802
Go0582523,31.4387,-83.5802
Go0582524,31.4387,-83.5802
Go0582525,31.4387,-83.5802
Go0582526,31.4387,-83.5802
Go0582527,31.4387,-83.5802
Go0582528,31.4387,-83.5802
Go0582529,31.4387,-83.5802
Go0582530,31.4387,-83.5802
Go0582531,31.4387,-83.5802
Go0582532,31.4387,-83.5802
Go0582533,31.4387,-83.5802
Go0582534,31.4387,-83.5802
Go0582535,31.4387,-83.5802
Go0582536,31.4387,-83.5802
Go0582537,31.4387,-83.5802
Go0582538,31.4387,-83.5802
Go0582539,31.4387,-83.5802
Go0582540,31.4387,-83.5802
Go0582541,31.4387,-83.5802
Go0582542,31.4387,-83.5802
Go0582543,31.4387,-83.5802
Go0582544,31.4387,-83.5802
Go0582545,31.4387,-83.5802
Go0582546,31.4387,-83.5802
Go0582547,31.4387,-83.5802
Go0582548,31.4387,-83.5802
Go0582549,31.4387,-83.5802
Go0582550,31.4387,-83.5802
Go0582551,31.4387,-83.5802
Go0582552,31.4387,-83.5802
Go0582553,31.4387,-83.5802
Go0582554,31.4387,-83.5802
Go0582555,31.4387,-83.5802
Go0582556,31.4387,-83.5802
Go0582557,31.4387,-83.5802
Go0582558,31.4387,-83.5802
Go0582559,31.4387,-83.5802
Go0582560,31.4387,-83.5802
Go0582561,31.4387,-83.5802
Go0582562,31.4387,-83.5802
Go0582563,31.4387,-83.5802
Go0582564,31.4387,-83.5802
Go0582565,31.4387,-83.5802
Go0582566,31.4387,-83.5802
Go0582567,31.4387,-83.5802
Go0582568,31.4387,-83.5802
Go0582569,31.4387,-83.5802
Go0582570,31.4387,-83.5802
Go0582571,31.4387,-83.5802
Go0582572,31.4387,-83.5802
Go0582573,31.4387,-83.5802
Go0582574,31.4387,-83.5802
Go0582575,31.4387,-83.5802
Go0582576,31.4387,-83.5802
Go0582577,31.4387,-83.5802
Go0582578,31.4387,-83.5802
Go0582579,31.4387,-83.5802
Go0582580,31.4387,-83.5802
Go0582581,31.4387,-83.5802
Go0582582,31.4387,-83.5802
Go0582583,31.4387,-83.5802
Go0582584,31.4387,-83.5802
Go0582585,31.4387,-83.5802
Go0582586,31.4387,-83.5802
Go0582587,31.4387,-83.5802
Go0582588,31.4387,-83.5802
Go0582589,31.4387,-83.5802
Go0582590,31.4387,-83.5802
Go0582591,31.4387,-83.5802
Go0582592,31.4387,-83.5802
Go0582593,31.4387,-83.5802
Go0582594,31.4387,-83.5802
Go0582595,31.4387,-83.5802
Go0582596,31.4387,-83.5802
Go0582597,31.4387,-83.5802
Go0582598,31.4387,-83.5802
Go0582599,31.4387,-83.5802
Go0582600,31.4387,-83.5802
Go0582601,31.4387,-83.5802
Go0582602,31.4387,-83.5802
Go0582603,31.4387,-83.5802
Go0582604,31.4387,-83.5802
Go0582605,31.4387,-83.5802
Go0582606,31.4387,-83.5802
Go0582607,31.4387,-83.5802
Go0582608,31.4387,-83.5802
Go0582609,31.4387,-83.5802
Go0582610,31.4387,-83.5802
Go0582611,31.4387,-83.5802
Go0582612,31.4387,-83.5802
Go0582613,31.4387,-83.5802
Go0582614,31.4387,-83.5802
Go0582615,31.4387,-83.5802
Go0582616,31.4387,-83.5802
Go0582617,31.4387,-83.5802
Go0582618,31.4387,-83.5802
Go0582619,31.4387,-83.5802
Go0582620,31.4387,-83.5802
Go0582621,31.4387,-83.5802
Go0582622,31.4387,-83.5802
Go0582623,31.4387,-83.5802
Go0582624,31.4387,-83.5802
Go0582625,31.4387,-83.5802
Go0582626,31.4387,-83.5802
Go0582627,31.4387,-83.5802
Go0582628,31.4387,-83.5802
Go0582629,31.4387,-83.5802
Go0582630,31.4387,-83.5802
Go0582631,31.4387,-83.5802
Go0582632,31.4387,-83.5802
Go0582633,31.4387,-83.5802
Go0582634,31.4387,-83.5802
Go0582635,31.4387,-83.5802
Go0582636,31.4387,-83.5802
Go0582637,31.4387,-83.5802
Go0582638,31.4387,-83.5802
Go0582639,31.4387,-83.5802
Go0582640,31.4387,-83.5802
Go0582641,31.4387,-83.5802
Go0582642,31.4387,-83.5802
Go0582643,31.4387,-83.5802
Go0582644,31.4387,-83.5802
Go0582645,31.4387,-83.5802
Go0582646,31.4387,-83.5802
Go0582647,31.4387,-83.5802
Go0582648,31.4387,-83.5802
Go0582649,31.4387,-83.5802
Go0582650,31.4387,-83.5802
Go0582651,31.4387,-83.5802
Go0582652,31.4387,-83.5802
Go0582653,31.4387,-83.5802
Go0582654,31.4387,-83.5802
Go0582655,31.4387,-83.5802
Go0582656,31.4387,-83.5802
Go0582657,31.4387,-83.5802
Go0582658,31.4387,-83.5802
Go0582659,31.4387,-83.5802
Go0582660,31.4387,-83.5802
Go0582661,31.4387,-83.5802
Go0582662,31.4387,-83.5802
Go0582663,31.4387,-83.5802
Go0582664,31.4387,-83.5802
Go0582665,31.4387,-83.5802
Go0582666,31.4387,-83.5802
Go0582667,31.4387,-83.5802
Go0582668,31.4387,-83.5802
Go0582669,31.4387,-83.5802
Go0582670,31.4387,-83.5802
Go0582671,31.4387,-83.5802
Go0582672,31.4387,-83.5802
Go0582673,31.4387,-83.5802
Go0582674,31.4387,-83.5802
Go0582675,31.4387,-83.5802
Go0582676,31.4387,-83.5802
Go0582677,31.4387,-83.5802
Go0582678,31.4387,-83.5802
Go0582679,31.4387,-83.5802
Go0582680,31.4387,-83.5802
Go0582681,31.4387,-83.5802
Go0582682,31.4387,-83.5802
Go0582683,31.4387,-83.5802
Go0582684,31.4387,-83.5802
Go0582685,31.4387,-83.5802
Go0582686,31.4387,-83.5802
Go0582687,31.4387,-83.5802
Go0582688,31.4387,-83.5802
Go0582689,31.4387,-83.5802
Go0582690,31.4387,-83.5802
Go0582691,31.4387,-83.5802
Go0582692,31.4387,-83.5802
Go0582693,31.4387,-83.5802
Go0582694,31.4387,-83.5802
Go0582695,31.4387,-83.5802
Go0582696,31.4387,-83.5802
Go0582697,31.4387,-83.5802
Go0582698,31.4387,-83.5802
Go0582699,31.4387,-83.5802
Go0582700,31.4387,-83.5802
Go0582701,31.4387,-83.5802
Go0582702,31.4387,-83.5802
Go0582703,31.4387,-83.5802
Go0582704,31.4387,-83.5802
Go0582705,31.4387,-83.5802
Go0582706,31.4387,-83.5802
Go0582707,31.4387,-83.5802
Go0582708,31.4387,-83.5802
Go0582709,31.4387,-83.5802
Go0582710,31.4387,-83.5802
Go0582711,31.4387,-83.5802
Go0582712,31.4387,-83.5802
Go0582713,31.4387,-83.5802
Go0582714,31.4387,-83.5802
Go0582715,31.4387,-83.5802
Go0582716,31.4387,-83.5802
Go0582717,31.4387,-83.5802
Go0582718,31.4387,-83.5802
Go0582719,31.4387,-83.5802
Go0582720,31.4387,-83.5802
Go0582721,31.4387,-83.5802
Go0582722,31.4387,-83.5802
Go0582723,31.4387,-83.5802
Go0582724,31.4387,-83.5802
Go0582725,31.4387,-83.5802
Go0582726,31.4387,-83.5802
Go0582727,31.4387,-83.5802
Go0582728,31.4387,-83.5802
Go0582729,31.4387,-83.5802
Go0582730,31.4387,-83.5802
Go0582731,31.4387,-83.5802
Go0582732,31.4387,-83.5802
Go0582733,31.4387,-83.5802
Go0582734,31.4387,-83.5802
Go0582735,31.4387,-83.5802
Go0582736,31.4387,-83.5802
Go0582737,31.4387,-83.5802
Go0582738,31.4387,-83.5802
Go0582739,31.4387,-83.5802
Go0582740,31.4387,-83.5802
Go0582741,31.4387,-83.5802
Go0582742,31.4387,-83.5802
Go0582743,31.4387,-83.5802
Go0582744,31.4387,-83.5802
Go0582745,31.4387,-83.5802
Go0582746,31.4387,-83.5802
Go0582747,31.4387,-83.5802
Go0582748,31.4387,-83.5802
Go0582749,31.4387,-83.5802
Go0582750,31.4387,-83.5802
Go0582751,31.4387,-83.5802
Go0582752,31.4387,-83.5802
Go0582753,31.4387,-83.5802
Go0582754,31.4387,-83.5802
Go0582755,31.4387,-83.5802
Go0582756,31.4387,-83.5802
Go0582757,31.4387,-83.5802
Go0582758,31.4387,-83.5802
Go0582759,31.4387,-83.5802
Go0582760,31.4387,-83.5802
Go0582761,31.4387,-83.5802
Go0582762,31.4387,-83.5802
Go0582763,31.4387,-83.5802
Go0582764,31.4387,-83.5802
Go0582765,31.4387,-83.5802
Go0582766,31.4387,-83.5802
Go0582767,31.4387,-83.5802
Go0582768,31.4387,-83.5802
Go0582769,31.4387,-83.5802
Go0582770,31.4387,-83.5802
Go0582771,31.4387,-83.5802
Go0582772,31.4387,-83.5802
Go0582773,31.4387,-83.5802
Go0582774,31.4387,-83.5802
Go0582775,31.4387,-83.5802
Go0582776,31.4387,-83.5802
Go0582777,31.4387,-83.5802
Go0582778,31.4387,-83.5802
Go0582779,31.4387,-83.5802
Go0582780,31.4387,-83.5802
Go0582781,31.4387,-83.5802
Go0582782,31.4387,-83.5802
Go0582783,31.4387,-83.5802
Go0582784,31.4387,-83.5802
Go0582785,31.4387,-83.5802
Go0582786,31.4387,-83.5802
Go0582787,31.4387,-83.5802
Go0582788,31.4387,-83.5802
Go0582789,31.4387,-83.5802
Go0582790,31.4387,-83.5802
Go0582791,31.4387,-83.5802
Go0582792,31.4387,-83.5802
Go0582793,31.4387,-83.5802
Go0582794,31.4387,-83.5802
Go0582795,31.4387,-83.5802
Go0582796,31.44,-83.5804
Go0582797,31.44,-83.5804
Go0582798,31.44,-83.5804
Go0582799,31.44,-83.5804
Go0582800,31.44,-83.5804
Go0582801,31.44,-83.5804
Go0582802,31.44,-83.5804
Go0582803,31.44,-83.5804
Go0582804,31.44,-83.5804
Go0582805,31.44,-83.5804
Go0582806,31.44,-83.5804
Go0582807,31.44,-83.5804
Go0582808,31.44,-83.5804
Go0582809,31.44,-83.5804
Go0582810,31.44,-83.5804
Go0582811,31.44,-83.5804
Go0582812,31.44,-83.5804
Go0582813,31.44,-83.5804
Go0582814,31.44,-83.5804
Go0582815,31.44,-83.5804
Go0582816,31.44,-83.5804
Go0582817,31.44,-83.5804
Go0582818,31.44,-83.5804
Go0582819,31.44,-83.5804
Go0582820,31.44,-83.5804
Go0582821,31.44,-83.5804
Go0582822,31.44,-83.5804
Go0582823,31.44,-83.5804
Go0582824,31.44,-83.5804
Go0582825,31.44,-83.5804
Go0582826,31.44,-83.5804
Go0582827,31.44,-83.5804
Go0582828,31.44,-83.5804
Go0582829,31.44,-83.5804
Go0582830,31.44,-83.5804
Go0582831,31.44,-83.5804
Go0582832,31.44,-83.5804
Go0582833,31.44,-83.5804
Go0582834,31.44,-83.5804
Go0582835,31.44,-83.5804
Go0582836,31.44,-83.5804
Go0582837,31.44,-83.5804
Go0582838,31.44,-83.5804
Go0582839,31.44,-83.5804
Go0582840,31.44,-83.5804
Go0582841,31.44,-83.5804
Go0582842,31.44,-83.5804
Go0582843,31.44,-83.5804
Go0582844,31.44,-83.5804
Go0582845,31.44,-83.5804
Go0582846,31.44,-83.5804
Go0582847,31.44,-83.5804
Go0582848,31.44,-83.5804
Go0582849,31.44,-83.5804
Go0582850,31.44,-83.5804
Go0582851,31.44,-83.5804
Go0582852,31.44,-83.5804
Go0582853,31.44,-83.5804
Go0582854,31.44,-83.5804
Go0582855,31.44,-83.5804
Go0582856,31.44,-83.5804
Go0582857,31.44,-83.5804
Go0582858,31.44,-83.5804
Go0582859,31.44,-83.5804
Go0582860,31.44,-83.5804
Go0582861,31.44,-83.5804
Go0582862,31.44,-83.5804
Go0582863,31.44,-83.5804
Go0582864,31.44,-83.5804
Go0582865,31.44,-83.5804
Go0582866,31.44,-83.5804
Go0582867,31.44,-83.5804
Go0582868,31.44,-83.5804
Go0582869,31.44,-83.5804
Go0582870,31.44,-83.5804
Go0582871,31.44,-83.5804
Go0582872,31.44,-83.5804
Go0582873,31.44,-83.5804
Go0582874,31.44,-83.5804
Go0582875,31.44,-83.5804
Go0582876,31.44,-83.5804
Go0582877,31.44,-83.5804
Go0582878,31.44,-83.5804
Go0582879,31.44,-83.5804
Go0582880,31.44,-83.5804
Go0582881,31.44,-83.5804
Go0582882,31.44,-83.5804
Go0582883,31.44,-83.5804
Go0582884,31.44,-83.5804
Go0582885,31.44,-83.5804
Go0582886,31.44,-83.5804
Go0582887,31.44,-83.5804
Go0583106,42.4214844,-88.0912287
Go0583107,47.2917,-88.0721
Go0583255,35.89,-82.83
Go0583274,41.2,-77.19
Go0583279,27.03895,106.6949
Go0583281,-18.8034,178.5287
Go0583283,26.9,75.81
Go0583287,35.89,-82.83
Go0583291,41.65833,-82.82
Go0583293,42.93541,-85.8528
Go0583294,26.4738,-81.8996
Go0583299,18.32338,-65.747
Go0583300,42.5,-84.58
Go0583301,42.76489,-84.4939
Go0583302,42.76489,-84.4939
Go0583303,42.76,-84.5
Go0583304,42.7398,-84.4878
Go0583308,41.9,-109.8
Go0583312,42.7996,-84.4302
Go0583332,41.62093,-83.7959
Go0583354,48.8579572,2.3445413
Go0583384,44.0707,-93.5264
Go0583385,44.0707,-93.5264
Go0583386,44.0707,-93.5264
Go0583387,44.0707,-93.5264
Go0583388,44.0707,-93.5264
Go0583389,44.0707,-93.5264
Go0583408,48.9889,-57.7616
Go0583409,48.9889,-57.7616
Go0583410,48.9567,-57.9514
Go0583411,35.9563,-81.9281
Go0583412,-41.3045,146.534
Go0583413,-41.3045,146.534
Go0583414,-41.3045,146.534
Go0583415,-41.3045,146.534
Go0583416,-41.3045,146.534
Go0583417,-40.6758,-71.4544
Go0583418,-30.4906,151.634
Go0583419,-30.4906,151.634
Go0583420,-33.5394,150.42
Go0583421,-33.2947,150.083
Go0583422,-33.2934,149.662
Go0583423,55.3856,23.6727
Go0583424,42.2907,-71.7582
Go0583425,42.2771,-71.7781
Go0583426,42.2771,-71.7781
Go0583427,42.2771,-71.7781
Go0583428,42.276,-71.7637
Go0583429,42.276,-71.7637
Go0583430,42.2613,-71.7428
Go0583431,42.2613,-71.7428
Go0583432,42.0399,-71.3512
Go0583433,42.0399,-71.3512
Go0583434,42.0399,-71.3512
Go0583435,42.2864,-71.7666
Go0583436,42.2864,-71.7666
Go0583437,42.284,-71.6941
Go0583438,42.284,-71.6941
Go0583439,42.2757,-71.7158
Go0583440,42.2757,-71.7158
Go0583441,42.2743,-71.8082
Go0583442,42.2743,-71.8082
Go0583443,63.3014,16.7
Go0583444,51.3372,10.2201
Go0583445,43.3917,-70.4509
Go0583446,44.4376,-74.2529
Go0583447,44.4376,-74.2529
Go0583448,44.4376,-74.2529
Go0583449,44.4376,-74.2529
Go0583450,44.4376,-74.2529
Go0583451,46.6959,-92.3308
Go0583452,46.7048,-92.5114
Go0583453,47.9448,-91.757
Go0583454,47.9448,-91.757
Go0583455,47.8561,1.91417
Go0583456,42.3764,-123.569
Go0583457,42.3939,-122.761
Go0583458,43.3876,144.009
Go0583459,43.3876,144.009
Go0583460,43.413,142.836
Go0583461,43.413,142.836
Go0583462,47.6573,-122.31
Go0583463,47.6573,-122.31
Go0583464,47.6573,-122.31
Go0583465,47.6573,-122.31
Go0583466,47.6573,-122.31
Go0583467,47.6573,-122.31
Go0583468,47.6573,-122.31
Go0583469,47.6573,-122.31
Go0583470,47.6573,-122.31
Go0583471,47.6573,-122.31
Go0583472,-41.3564,-71.7347
Go0583473,-38.1352,176.248
Go0583474,-38.1352,176.248
Go0583475,-38.1352,176.248
Go0583476,-38.1352,176.248
Go0583477,-38.1352,176.248
Go0583478,-38.4926,176.247
Go0583479,-35.2961,148.921
Go0583480,-34.6628,150.176
Go0583481,-34.6628,150.176
Go0583482,47.5752,-52.7242
Go0583483,47.5613,-52.7365
Go0583484,47.2987,11.5337
Go0583485,47.2987,11.5337
Go0583486,47.2979,11.5335
Go0583487,47.2979,11.5334
Go0583488,47.2979,11.5335
Go0583489,47.2462,11.383
Go0583490,44.5078,9.63331
Go0583491,54.84,83.11
Go0583492,54.84,83.11
Go0583493,-0.17006,-78.6129
Go0583494,23.474,120.883
Go0583495,23.474,120.883
Go0583496,-4.27652,37.8928
Go0583598,42.395628,-85.375704
Go0583599,42.395628,-85.375704
Go0583600,42.395628,-85.375704
Go0583602,42.395628,-85.375704
Go0583603,42.395628,-85.375704
Go0583606,42.395628,-85.375704
Go0583607,42.395628,-85.375704
Go0583609,42.395628,-85.375704
Go0583611,42.395628,-85.375704
Go0583612,42.395628,-85.375704
Go0583613,42.395628,-85.375704
Go0583614,42.395628,-85.375704
Go0583617,42.395628,-85.375704
Go0583618,42.395628,-85.375704
Go0583619,42.395628,-85.375704
Go0583620,42.395628,-85.375704
Go0583621,42.395628,-85.375704
Go0583623,42.395628,-85.375704
Go0583624,42.395628,-85.375704
Go0583625,42.395628,-85.375704
Go0583626,42.395628,-85.375704
Go0583627,42.395628,-85.375704
Go0583661,42.5,-72.2
Go0584010,41.146,-96.436
Go0584011,41.146,-96.436
Go0584012,41.146,-96.436
Go0584013,41.146,-96.436
Go0584014,41.146,-96.436
Go0584015,41.146,-96.436
Go0584016,41.146,-96.436
Go0584017,41.15916667,-96.40861111
Go0584018,41.15916667,-96.40861111
Go0584020,41.1593,-102.0259
Go0584021,41.1593,-102.0259
Go0584022,41.1593,-102.0259
Go0584023,41.1593,-102.0259
Go0584024,41.1593,-102.0259
Go0584025,41.1593,-102.0259
Go0584026,41.1593,-102.0259
Go0584027,41.1593,-102.0259
Go0584028,41.1593,-102.0259
Go0584029,41.1593,-102.0259
Go0584031,41.1593,-102.0259
Go0584032,41.1593,-102.0259
Go0584033,41.1593,-102.0259
Go0584034,41.1593,-102.0259
Go0584035,41.1593,-102.0259
Go0584036,41.1593,-102.0259
Go0584037,41.1593,-102.0259
Go0584038,41.1593,-102.0259
Go0584039,41.1593,-102.0259
Go0584040,41.1593,-102.0259
Go0584041,41.1593,-102.0259
Go0584042,41.1593,-102.0259
Go0584043,41.1593,-102.0259
Go0584044,41.1593,-102.0259
Go0584045,41.1593,-102.0259
Go0584046,41.1593,-102.0259
Go0584047,41.1593,-102.0259
Go0584048,41.402,-96.439
Go0584049,41.838,-101.993
Go0584050,41.838,-101.993
Go0584051,41.838,-101.993
Go0584052,41.877,-101.945
Go0584053,41.9,-102.1
Go0584054,41.929,-101.928
Go0584561,39.0304,-120.698
Go0584579,41.1593,-102.0259
Go0584608,44.9125,142.0253
Go0584609,44.9125,142.0253
Go0584763,35.903,-83.959
Go0586056,44.5877,-123.194
Go0586057,44.58807,-123.194
Go0586597,33.461161,-111.942619
Go0586600,33.461161,-111.942619
Go0586601,33.461161,-111.942619
Go0586602,33.461161,-111.942619
Go0586605,33.461161,-111.942619
Go0586608,33.461161,-111.942619
Go0586609,33.461161,-111.942619
Go0586611,33.461161,-111.942619
Go0586612,33.461161,-111.942619
Go0586614,33.461161,-111.942619
Go0586615,33.461161,-111.942619
Go0586617,33.461161,-111.942619
Go0586618,33.461161,-111.942619
Go0586619,33.461161,-111.942619
Go0586621,33.461161,-111.942619
Go0586622,33.461161,-111.942619
Go0586623,33.461161,-111.942619
Go0586624,33.461161,-111.942619
Go0586625,33.461161,-111.942619
Go0586627,33.461161,-111.942619
Go0586628,33.461161,-111.942619
Go0586771,39.782362,-104.910136
Go0586772,39.782362,-104.910136
Go0586773,39.782362,-104.910136
Go0586774,39.782362,-104.910136
Go0586775,39.782362,-104.910136
Go0586776,39.782362,-104.910136
Go0586777,39.782362,-104.910136
Go0586778,39.782362,-104.910136
Go0586779,39.782362,-104.910136
Go0586877,39.782362,-104.910136
Go0587243,47.6987,19.0472
Go0587796,43.65913034,-79.39557704
Go0587797,43.65913034,-79.39557704
Go0588183,39.782362,-104.910136
Go0597070,39.782362,-104.910136
Go0597071,39.782362,-104.910136
Go0597072,39.782362,-104.910136
Go0597073,39.782362,-104.910136
Go0597074,39.782362,-104.910136
Go0597075,39.782362,-104.910136
Go0597076,39.782362,-104.910136
Go0597077,39.782362,-104.910136
Go0597078,39.782362,-104.910136
Go0597079,39.782362,-104.910136
Go0597080,39.782362,-104.910136
Go0597081,39.782362,-104.910136
Go0597610,44.307,-110.532
Go0609083,-34.9843181,150.2374436
Go0630980,38.5376,-121.7644
Go0632234,38.5376,-121.7644
Go0632235,36.6008,-119.5108
Go0632236,36.6008,-119.5108
Go0632237,36.6008,-119.5108
Go0632238,36.6008,-119.5108
Go0632239,36.6008,-119.5108
Go0632240,36.6008,-119.5108
Go0632241,36.6008,-119.5108
Go0632242,36.6008,-119.5108
Go0632243,36.6008,-119.5108
Go0632244,36.6008,-119.5108
Go0632245,36.6008,-119.5108
Go0632246,36.6008,-119.5108
Go0632247,36.6008,-119.5108
Go0632248,36.6008,-119.5108
Go0632249,36.6008,-119.5108
Go0632250,36.6008,-119.5108
Go0632251,36.6008,-119.5108
Go0632252,36.6008,-119.5108
Go0632253,36.6008,-119.5108
Go0632254,36.6008,-119.5108
Go0632255,36.6008,-119.5108
Go0632256,36.6008,-119.5108
Go0632257,36.6008,-119.5108
Go0632258,36.6008,-119.5108
Go0632259,36.6008,-119.5108
Go0632260,36.6008,-119.5108
Go0632261,36.6008,-119.5108
Go0632262,36.6008,-119.5108
Go0632263,36.6008,-119.5108
Go0632264,36.6008,-119.5108
Go0632305,0,0
Go0632306,0,0
Go0632307,0,0
Go0632308,0,0
Go0632309,0,0
Go0632310,0,0
Go0632311,0,0
Go0632312,0,0
Go0632313,0,0
Go0632314,0,0
Go0632315,0,0
Go0632316,0,0
Go0632317,0,0
Go0632318,0,0
Go0632319,0,0
Go0632320,0,0
Go0632321,0,0
Go0632322,0,0
Go0632323,0,0
Go0632324,0,0
Go0632325,0,0
Go0632326,0,0
Go0632327,0,0
Go0632328,0,0
Go0632329,0,0
Go0632330,0,0
Go0632331,0,0
Go0632332,0,0
Go0632540,31.9686,99.9018
Go0632604,27.1886,-81.3372
Go0632606,46.975,-87.92388889
Go0632607,47.81632,135.95679
Go0632608,35.0141,-83.16072
Go0632609,18.114167,-65.959444
Go0640103,59.99906,10.789905
Go0640105,59.999303,10.790123
Go0640106,59.997883,10.789557
Go0640108,59.999162,10.79008
Go0651378,37.6436,23.1547
Go0651379,37.3074,23.1594
Go0651380,37.4991,23.3547
Go0651381,37.5997,22.9682
Go0651382,36.3671,25.4692
Go0651383,35.6672,-5.29025
Go0651384,35.1008,-5.1409
Go0651385,35.1995,-5.11647
Go0651386,35.3449,-5.18161
Go0651387,35.3654,-4.99083
Go0651388,41.3181,1.83792
Go0651519,-36.7230019,142.1724074
Go0651521,-36.7230019,142.1724074
Go0651539,-36.7230019,142.1724074
Go0651544,-37.9132344,145.130432
Go0652003,38.5376,-121.7644
Go0652004,38.5376,-121.7644
Go0652005,38.5376,-121.7644
Go0652006,38.5376,-121.7644
Go0652560,33.5767,-102.08526
Go0652561,33.5767,-102.08526
Go0652562,33.5767,-102.08526
Go0652563,33.5767,-102.08526
Go0652564,33.5767,-102.08526
Go0652565,33.5767,-102.08526
Go0652566,33.5767,-102.08526
Go0652567,33.5767,-102.08526
Go0652568,33.5767,-102.08526
Go0652570,33.5767,-102.08526
Go0652571,33.5767,-102.08526
Go0652572,33.5767,-102.08526
Go0652573,33.5767,-102.08526
Go0652574,33.5767,-102.08526
Go0652575,33.5767,-102.08526
Go0652576,33.5767,-102.08526
Go0652577,33.5767,-102.08526
Go0652578,33.5767,-102.08526
Go0652579,33.5767,-102.08526
Go0652580,33.5767,-102.08526
Go0652581,33.5767,-102.08526
Go0652582,33.5767,-102.08526
Go0655687,39.663708,-75.755838
Go0655698,22.80438821,120.6064739
Go0662454,20.00992038,-100.3541934
Go0662455,20.97712109,-100.3159216
Go0662456,23.32503248,-104.7313536
Go0662457,23.52386502,-104.6835685
Go0662458,24.10156964,-105.7508877
Go0662459,25.01704059,-105.6051716
Go0662460,25.02892157,-105.7138229
Go0662461,25.10773145,-105.6040304
Go0662462,25.19611282,-106.4904684
Go0662463,26.06219738,-107.0107638
Go0662464,26.14903032,-106.7847458
Go0662465,27.12550017,-107.1492761
Go0662466,27.26957626,-107.4486057
Go0662467,27.31039976,-107.5195655
Go0662468,27.91032139,-107.3818876
Go0662469,27.91762638,-107.8393018
Go0662470,27.99671493,-107.4109369
Go0662471,29.32830562,-108.1956797
Go0662472,29.32873155,-108.1949166
Go0662473,29.34023984,-108.1922954
Go0662474,29.52792931,-108.3335675
Go0662475,30.99887049,-115.4521122
Go0662476,31.02919091,-115.4474943
Go0662477,31.02922724,-115.4475146
Go0662478,35.99006,-106.84884
Go0662479,36.01956,-106.79448
Go0662480,36.02461,-106.83977
Go0662481,37.57843,-112.8204
Go0662482,37.58497,-112.75261
Go0662483,37.58507,-112.82289
Go0662484,38.06704,-119.234
Go0662485,38.862463,-107.0499
Go0662486,38.8634216,-107.05054
Go0662487,38.8652149,-107.05029
Go0662488,38.9089555,-107.02194
Go0662489,38.9089994,-107.02163
Go0662490,38.9094835,-107.02106
Go0662491,38.9099046,-107.02114
Go0662492,38.9099182,-107.02143
Go0662493,38.9101553,-107.02201
Go0662494,38.9172407,-106.94749
Go0662495,38.9213396,-106.99573
Go0662496,38.9213799,-106.99451
Go0662497,38.9213847,-106.99161
Go0662498,38.9218023,-106.99628
Go0662499,38.922395,-106.9957
Go0662500,38.9229221,-106.99543
Go0662501,38.9316442,-107.00105
Go0662502,38.9419787,-107.00137
Go0662503,38.9420536,-107.00613
Go0662504,38.9502109,-106.96501
Go0662505,38.9509958,-106.96362
Go0662506,38.9518226,-106.96423
Go0662507,38.9919059,-107.00827
Go0662508,38.997964,-107.044572
Go0662509,39.2516,-107.6536
Go0662510,39.33908,-106.66628
Go0662511,39.3444,-106.62173
Go0662512,39.67938,-111.24927
Go0662513,40.66067,-105.56358
Go0662514,40.68797,-109.50915
Go0662515,40.76785,-105.60868
Go0662516,41.40648,-111.52357
Go0662517,41.67072,-116.07709
Go0662518,42.16332,-114.27347
Go0662519,42.16451,-114.27519
Go0662520,42.21287,-114.30792
Go0662521,42.62045,-108.75
Go0662522,43.65222,-75.38022
Go0662523,43.82142,-114.42512
Go0662524,44.17511,-106.88851
Go0662525,44.21143,-118.62108
Go0662526,44.35615,-111.53571
Go0662527,45.463032,-75.776
Go0662528,45.510178,-75.679363
Go0662529,46.134456,-74.614513
Go0662530,46.522946,-84.347056
Go0662531,46.535219,-84.25
Go0662532,46.726852,-70.558978
Go0662533,46.83093,-65.99711
Go0662535,48.252283,-72.1862
Go0662536,48.341226,-69.399585
Go0662537,48.71024701,-78.11607197
Go0662538,48.73911,-69.087693
Go0662539,49.92115256,-102.2336713
Go0662540,52.796194,-67.086643
Go0662541,54.769332,-111.994754
Go0662542,55.96575617,-104.1534849
Go0662543,56.06715515,-103.8888953
Go0662544,57.34727603,-111.829164
Go0662545,57.34768096,-111.706482
Go0662546,57.34813702,-111.819692
Go0662547,57.66736,-111.14952
Go0662549,58.26453611,-103.9969085
Go0667021,30.6342,-104.164
Go0667022,30.6372,-104.17
Go0667023,30.6374,-104.172
Go0667024,30.6389,-104.173
Go0667025,30.6391,-104.173
Go0667026,30.6393,-104.174
Go0667027,30.6397,-104.176
Go0667028,30.6554,-104.114
Go0667029,36.1228,-118.544
Go0667030,36.1229,-118.543
Go0667031,36.1232,-118.546
Go0667032,36.1235,-118.548
Go0667033,37.0246,-118.971
Go0667034,37.0762,-118.975
Go0667035,37.0762,-118.974
Go0667036,37.0767,-118.975
Go0667037,37.4728,-108.152
Go0667038,37.4737,-108.154
Go0667039,37.4741,-108.152
Go0667040,37.4782,-108.253
Go0667041,37.4819,-108.194
Go0667042,37.4819,-108.192
Go0667043,37.482,-108.197
Go0667044,37.4857,-108.248
Go0667045,37.7067,-112.704
Go0667046,37.7068,-112.707
Go0667047,37.707,-112.702
Go0667048,38.4604,-108.525
Go0667049,38.4623,-108.521
Go0667050,38.513,-108.596
Go0667051,39.2286,-107.528
Go0667052,39.2298,-107.532
Go0667053,39.2326,-107.538
Go0667054,40.4795,-111.127
Go0667055,40.6124,-121.511
Go0667056,40.6162,-121.297
Go0667057,40.6188,-121.296
Go0667058,40.6276,-121.291
Go0667059,40.792,-105.655
Go0667060,40.7926,-105.657
Go0667061,40.7933,-105.656
Go0667062,42.9921,-89.5141
Go0667063,43.0369,-89.4252
Go0667064,44.3463,-90.8235
Go0667065,44.3565,-90.8215
Go0667066,45.2437,-90.7663
Go0667068,45.8351,-89.5499
Go0667070,49.487,-100.634
Go0667071,49.5003,-100.777
Go0667072,49.5006,-100.779
Go0667073,52.3758,-107.836
Go0667074,53.6106,-101.68
Go0667075,59,-156.04
Go0667076,60.98,-160.06
Go0667077,61.2803,-122.373
Go0667078,61.3369,-121.751
Go0667079,61.34,-121.746
Go0667080,62.2007,-135.875
Go0667081,63.5952,-135.897
Go0667082,63.7,-142.26
Go0667083,65.4,-164.66
Go0667084,66.96,-159.68
Go0667085,68.6403,-149.575
Go0667247,38.7636,-9.09365
Go0667248,38.7636,-9.09365
Go0667249,38.7636,-9.09365
Go0667250,38.7636,-9.09365
Go0669861,56.658,-117.654
Go0669862,56.846,-117.645
Go0669863,56.235,-117.332
Go0669864,56.235,-117.332
Go0669865,56.654,-118.001
Go0669866,56.654,-118.001
Go0669867,56.596,-117.997
Go0669868,56.596,-117.997
Go0669869,56.566,-117.929
Go0669870,56.6583,-117.655
Go0669871,56.6583,-117.655
Go0669872,56.6583,-117.655
Go0669873,56.657,-117.655
Go0669874,52.986,-112.81
Go0669875,52.931,-112.809
Go0669876,52.931,-112.809
Go0669877,52.843,-112.685
Go0669878,52.843,-112.685
Go0669879,52.825,-112.592
Go0669880,52.825,-112.592
Go0669881,52.803,-112.592
Go0669882,52.803,-112.592
Go0669883,52.712,-112.651
Go0669884,52.712,-112.651
Go0669886,52.678,-112.665
Go0669887,52.658,-112.668
Go0669888,52.635,-112.788
Go0669889,52.635,-112.788
Go0669890,52.9955,-115.234
Go0669891,52.9955,-115.234
Go0669892,53.0033,-115.24
Go0669893,53.0033,-115.24
Go0669894,53.0005,-115.23
Go0669895,52.6661,-114.821
Go0669896,52.6603,-114.814
Go0669897,52.6603,-114.814
Go0669899,52.6515,-114.819
Go0669900,53.2655,-115.322
Go0669901,53.2655,-115.322
Go0669902,53.2706,-115.321
Go0669903,53.2706,-115.321
Go0669904,53.5367,-115.867
Go0669905,53.5367,-115.867
Go0669906,53.5303,-115.867
Go0669907,53.5303,-115.867
Go0669908,53.5244,-115.871
Go0670088,22.80438821,120.6064739
Go0670103,39.0006446,-123.0824317
Go0670105,39.0006446,-123.0824317
Go0670106,39.0006446,-123.0824317
Go0670107,39.0006446,-123.0824317
Go0670108,39.0006446,-123.0824317
Go0672802,-28.77,151.9808333
Go0672803,-33.14916667,150.7627778
Go0672804,-33.74805556,150.3772222
Go0672805,-13.84805556,131.84
Go0672806,-34.93777778,118.1980556
Go0672807,-33.57972222,115.0477778
Go0672808,-13.84805556,131.84
Go0672809,-28.77,151.9808333
Go0672810,-29.78888889,153.1847222
Go0672811,-34.08194444,119.5344444
Go0672812,-27.56916667,114.2325
Go0672816,-34.45194444,115.9438889
Go0672817,-27.42805556,114.3016667
Go0672818,-31.89972222,119.65
Go0672819,-31.89972222,119.65
Go0672820,-31.89972222,119.65
Go0672821,-27.4175,114.1405556
Go0672822,-34.08194444,119.5344444
Go0672823,-27.4175,114.1405556
Go0672824,-33.57972222,115.0477778
Go0672825,-34.31388889,118.6486111
Go0672826,-34.31388889,118.6486111
Go0672827,-33.99611111,123.2175
Go0672828,-16.00722222,125.5558333
Go0672829,-33.58111111,115.0902778
Go0672830,-23.95722222,116.1266667
Go0672831,-38.0575,141.0119444
Go0672832,-23.95722222,116.1266667
Go0672833,-38.0575,141.0119444
Go0672834,-16.00083333,125.4758333
Go0672835,-16.00083333,125.4758333
Go0672836,-30.39638889,117.4086111
Go0672837,-16.36694444,126.1633333
Go0672838,-16.36694444,126.1633333
Go0672839,-29.93944444,115.0986111
Go0672840,-29.93944444,115.0986111
Go0672841,-31.05194444,118.03
Go0672842,-31.05194444,118.03
Go0672843,-32.47166667,116.8747222
Go0672844,-32.47166667,116.8747222
Go0672845,-32.47305556,116.8783333
Go0672846,-32.47305556,116.8783333
Go0672847,-30.39638889,117.4086111
Go0672848,-31.19194444,115.7058333
Go0672849,-31.19194444,115.7058333
Go0672850,-31.19194444,115.7058333
Go0672852,-33.83333333,121.5108333
Go0672853,-33.83333333,121.5108333
Go0672854,-31.13972222,116.4552778
Go0672855,-16.36444444,124.9494444
Go0672856,-34.02194444,115.4361111
Go0672857,-33.97333333,122.1313889
Go0672858,-34.07694444,119.5244444
Go0672859,-32.88694444,121.1677778
Go0672860,-33.15694444,119.9622222
Go0672861,-33.825,121.4275
Go0672862,-33.825,121.4275
Go0672863,-31.08027778,117.9227778
Go0672864,-31.08027778,117.9227778
Go0672865,-33.60944444,120.1644444
Go0672866,-33.40638889,121.3780556
Go0672867,-30.1575,116.5047222
Go0672868,-30.1575,116.5047222
Go0672869,-30.1575,116.5047222
Go0672870,-28.52388889,115.4697222
Go0672871,-30.71416667,118.5541667
Go0672872,-30.71416667,118.5541667
Go0672873,-33.57722222,119.2305556
Go0672874,-33.57722222,119.2305556
Go0672875,-30.515,119.5941667
Go0672876,-28.52388889,115.4697222
Go0672877,-31.50194444,119.2475
Go0672878,-33.59361111,119.3983333
Go0672879,-33.59361111,119.3983333
Go0672880,-33.57805556,119.2222222
Go0672881,-33.57805556,119.2222222
Go0672882,-31.50194444,119.2475
Go0672883,-30.515,119.5941667
Go0672884,-27.97638889,115.2063889
Go0672885,-27.97638889,115.2063889
Go0672886,-29.62083333,115.9608333
Go0672887,-29.62083333,115.9608333
Go0672888,-33.04722222,123.3294444
Go0672889,-30.75972222,116.1947222
Go0672890,-30.75972222,116.1947222
Go0672891,-22.22138889,117.6022222
Go0672984,-30.5925,124.3577778
Go0672985,-30.5925,124.3577778
Go0672986,-30.5925,124.3577778
Go0672987,-30.5925,124.3577778
Go0672988,-34.91055556,116.6888889
Go0672989,-42.95277778,147.5072222
Go0672990,-42.95277778,147.5072222
Go0672991,-39.02222222,146.3216667
Go0672992,-39.02222222,146.3216667
Go0672993,-34.91055556,116.6888889
Go0672994,-17.16333333,125.3108333
Go0672995,-34.98444444,116.7883333
Go0672996,-34.98444444,116.7883333
Go0672997,-41.71361111,145.3933333
Go0672998,-41.71361111,145.3933333
Go0672999,-31.81611111,122.4219444
Go0673000,-31.81611111,122.4219444
Go0673001,-30.39611111,124.3922222
Go0673002,-30.39611111,124.3922222
Go0673003,-32.0675,146.2627778
Go0673004,-32.0675,146.2627778
Go0673005,-30.80666667,120.4916667
Go0673006,-30.80666667,120.4916667
Go0673007,-30.885,120.9647222
Go0673008,-30.885,120.9647222
Go0673009,-30.39611111,124.3922222
Go0673010,-30.39611111,124.3922222
Go0673011,-42.34472222,146.6605556
Go0673012,-42.34472222,146.6605556
Go0673013,-30.83555556,121.0927778
Go0673014,-30.83555556,121.0927778
Go0673015,-29.91472222,121.5452778
Go0673016,-29.91472222,121.5452778
Go0673017,-29.98333333,123.2413889
Go0673018,-29.98333333,123.2413889
Go0673019,-30.06277778,123.9513889
Go0673020,-30.12527778,120.5586111
Go0673021,-30.29916667,124.3925
Go0673022,-30.29916667,124.3925
Go0673023,-35.095,138.6497222
Go0673024,-35.095,138.6497222
Go0673025,-31.57,122.05
Go0673026,-27.62611111,114.3647222
Go0673027,-30.98,121.2480556
Go0673028,-30.66583333,120.9297222
Go0673029,-29.85722222,131.2455556
Go0673030,-34.88972222,118.4069444
Go0673031,-30.05888889,123.0730556
Go0673032,-22.94361111,114.7019444
Go0673033,-30.06166667,123.0530556
Go0673034,-17.14194444,125.0769444
Go0673035,-23.725,133.8572222
Go0673036,-26.75222222,114.5905556
Go0673037,-30.14527778,124.1141667
Go0673038,-30.14527778,124.1141667
Go0673039,-17.16666667,125.3
Go0673043,-32.76722222,119.0905556
Go0673051,-29.36972222,130.0491667
Go0673052,-29.36972222,130.0491667
Go0673053,-29.34972222,130.1938889
Go0673054,-29.89861111,114.965
Go0673055,-30.58861111,116.7569444
Go0673056,-32.48166667,119.6766667
Go0673057,-30.83027778,116.6391667
Go0673058,-29.18416667,114.9166667
Go0673059,-29.18416667,114.9166667
Go0673060,-29.63555556,114.9688889
Go0673061,-30.58861111,116.7569444
Go0673062,-32.45,118.8672222
Go0673063,-32.45,118.8672222
Go0673064,-30.14861111,115.4125
Go0673065,-30.05138889,120.8377778
Go0673066,-30.84083333,122.8369444
Go0673067,-30.20638889,120.6316667
Go0673068,-33.13361111,119.7044444
Go0673069,-30.93444444,122.5502778
Go0673070,-32.2325,123.39
Go0673071,-32.025,122.7738889
Go0673072,-32.67111111,121.5397222
Go0673073,-34.0725,119.0452778
Go0673074,-32.11833333,122.0086111
Go0673075,-32.6425,121.5058333
Go0673076,-32.05222222,122.965
Go0673077,-30.12472222,120.5572222
Go0673078,-30.24111111,116.0391667
Go0673079,-30.24111111,116.0391667
Go0673080,-32.15944444,123.24
Go0673081,-33.10638889,121.1905556
Go0673083,-29.33694444,130.2202778
Go0673084,-22.33833333,121.7472222
Go0673085,-32.28361111,123.4822222
Go0673086,-32.28361111,123.4822222
Go0673087,-32.06388889,122.2058333
Go0673088,-32.0975,123.1141667
Go0673089,-33.48194444,121.5822222
Go0673090,-33.48194444,121.5822222
Go0673091,-32.09388889,122.0266667
Go0673092,-33.04611111,121.1722222
Go0673093,-32.27472222,123.4655556
Go0673094,-33.51833333,121.6136111
Go0673095,-33.51833333,121.6136111
Go0673096,-33.40888889,121.8941667
Go0673097,-33.2,150.9952778
Go0673098,-34.59277778,118.7322222
Go0673099,-32.15333333,121.7361111
Go0673100,-32.15333333,121.7361111
Go0673101,-32.22222222,123.365
Go0673102,-31.63138889,121.6302778
Go0673103,-31.63138889,121.6302778
Go0673104,-31.28916667,118.6722222
Go0673105,-34.39555556,118.7369444
Go0673106,-31.28583333,115.4461111
Go0673107,-30.52361111,118.3011111
Go0673110,-34.33388889,118.6702778
Go0673111,-30.81277778,118.6169444
Go0673112,-30.81277778,118.6169444
Go0673113,-32.13666667,121.6941667
Go0673114,-28.915,115.8355556
Go0673115,-30.87611111,118.705
Go0673117,-33.82194444,121.2969444
Go0673118,-30.68833333,116.7719444
Go0673119,-30.68833333,116.7719444
Go0673120,-32.12416667,120.4922222
Go0673121,-30.77333333,122.8388889
Go0673123,-32.22111111,120.4986111
Go0673124,-33.53111111,118.3769444
Go0673125,-30.77166667,115.5644444
Go0673126,-33.33944444,121.7605556
Go0673127,-33.48222222,121.7072222
Go0673128,-34.65722222,150.2169444
Go0673129,-33.73472222,120.1911111
Go0673130,-32.45388889,121.6916667
Go0673131,-32.87194444,121.5913889
Go0673132,-33.29111111,119.3122222
Go0673134,-33.15944444,121.4463889
Go0673135,-33.95472222,118.7138889
Go0673136,-33.81138889,120.2930556
Go0673137,-33.61833333,120.1363889
Go0673138,-33.61833333,120.1363889
Go0673139,-33.95444444,118.7697222
Go0673140,-30.69722222,115.6147222
Go0673142,-33.95444444,118.7697222
Go0673143,-32.62333333,118.1958333
Go0673144,-30.51472222,117.4097222
Go0673145,-30.51472222,117.4097222
Go0673146,-32.19861111,123.3191667
Go0673147,-30.87611111,118.705
Go0673148,-28.57666667,115.7786111
Go0673149,-33.05583333,121.1741667
Go0673150,-30.2625,116.0325
Go0673151,-32.36861111,119.7494444
Go0673152,-32.36861111,119.7494444
Go0673153,-33.53361111,118.3927778
Go0673154,-33.53361111,118.3927778
Go0673155,-30.28388889,116.8730556
Go0673156,-32.11111111,120.4347222
Go0673157,-34.33527778,118.1197222
Go0673158,-32.38416667,119.7505556
Go0673159,-32.38416667,119.7505556
Go0673160,-33.79777778,120.4325
Go0673161,-34.42722222,118.88
Go0673162,-32.30555556,120.1372222
Go0673347,-32.92027778,120.3658333
Go0673348,-34.02472222,119.3752778
Go0673349,-33.28527778,119.0230556
Go0673351,-34.51277778,118.5777778
Go0673352,-34.91833333,118.1869444
Go0673353,-22.71416667,117.5166667
Go0673354,-33.50444444,115.5677778
Go0673355,-33.44611111,119.955
Go0673356,-33.0925,119.4163889
Go0673357,-33.51194444,120.0388889
Go0673358,-35.90583333,136.8141667
Go0673360,-34.68777778,117.7491667
Go0673361,-36.01138889,136.7358333
Go0673363,-34.35111111,118.7536111
Go0673364,-30.14444444,116.3844444
Go0673365,-30.14444444,116.3844444
Go0673366,-35.69722222,137.5225
Go0673367,-37.28333333,142.5833333
Go0673368,-23.62666667,113.635
Go0673369,-33.51194444,120.0388889
Go0673370,-33.73888889,122.2911111
Go0673371,-33.70083333,120.1877778
Go0673372,-33.70083333,120.1877778
Go0673374,-33.95722222,138.1747222
Go0673375,-30.14083333,115.1158333
Go0673376,-33.71611111,115.5261111
Go0673377,-28.85,151.9666667
Go0673378,-23.725,133.8572222
Go0673379,-22.11861111,114.0505556
Go0673382,-34.84888889,135.7255556
Go0673383,-34.84888889,135.7255556
Go0673384,-33.3675,121.6933333
Go0673385,-22.69083333,118.7047222
Go0673386,-34.34111111,135.8544444
Go0673387,-32.34583333,138.7788889
Go0673388,-34.73333333,135.9333333
Go0673389,-34.48583333,135.8575
Go0673390,-35.70888889,137.5125
Go0673391,-35.03416667,150.4602778
Go0673392,-34.84916667,135.8672222
Go0673393,-34.84916667,135.8672222
Go0673394,-32.34583333,138.7788889
Go0673395,-35.74694444,137.6383333
Go0673396,-34.68333333,135.9166667
Go0673397,-35.97722222,136.8572222
Go0673398,-34.83972222,135.6983333
Go0673399,-35.84416667,137.7455556
Go0673400,-34.82944444,135.6886111
Go0673401,-32.87083333,151.0208333
Go0673402,-34.81305556,116.8888889
Go0673403,-35.96805556,136.7405556
Go0673409,-30.0025,115.255
Go0673410,-26.65333333,145.5636111
Go0673411,-30.20972222,123.1069444
Go0673412,-20.56916667,139.5255556
Go0673413,-36.26083333,142.6727778
Go0673415,-28.51166667,129.4780556
Go0673416,-24.18333333,120.0447222
Go0673417,-25.44611111,150.3088889
Go0673418,-26.50416667,146.0819444
Go0673419,-29.11833333,151.6541667
Go0673420,-32.58333333,135.25
Go0673421,-28.1525,151.5555556
Go0673422,-28.1525,151.5555556
Go0673423,-25.19166667,149.9727778
Go0673424,-16.19444444,125.9925
Go0673425,-32.29277778,150.4111111
Go0673426,-32.25638889,150.4322222
Go0673427,-32.19861111,123.3191667
Go0673428,-33.82083333,122.2058333
Go0673429,-30.77833333,117.1733333
Go0673430,-34.58416667,118.7194444
Go0673431,-34.45333333,118.8758333
Go0673432,-34.45333333,118.8758333
Go0673433,-33.51722222,121.6719444
Go0673434,-33.51722222,121.6719444
Go0673435,-33.15944444,119.1613889
Go0673436,-29.33527778,130.2208333
Go0673437,-28.88222222,130.4619444
Go0673438,-28.30111111,126.2213889
Go0685431,46.120845,-123.269575
Go0685432,46.120936,-123.269747
Go0685433,44.587823,-123.193444
Go0685434,44.588088,-123.192429
Go0685435,46.121307,-123.269236
Go0685436,46.121447,-123.2718
Go0685437,44.388014,-123.194065
Go0685438,44.587694,-123.193368
Go0685439,44.588118,-123.192766
Go0685440,46.121586,-123.269608
Go0685441,46.120803,-123.271378
Go0685442,46.120986,-123.26911
Go0685443,46.121006,-123.270477
Go0685444,44.58807,-123.194072
Go0685445,44.587669,-123.193301
Go0685446,44.588086,-123.192277
Go0685447,46.121608,-123.269447
Go0685448,46.121096,-123.270783
Go0685449,46.1214,-123.26946
Go0685450,46.121529,-123.27034
Go0685451,46.120839,-123.269219
Go0685452,46.121462,-123.270441
Go0685453,44.587539,-123.193689
Go0685454,44.588011,-123.192906
Go0685455,46.121253,-123.270368
Go0685456,44.588222,-123.193963
Go0685457,44.587702,-123.193614
Go0685458,44.588172,-123.19295
Go0685459,46.121413,-123.269199
Go0685460,46.120945,-123.270302
Go0685461,46.120965,-123.271442
Go0685462,44.588248,-123.19409
Go0685463,44.587809,-123.193624
Go0685464,44.588226,-123.192776
Go0685465,46.121316,-123.26986
Go0685466,46.121345,-123.270991
Go0685467,44.58753,-123.19336
Go0685468,44.588202,-123.193144
Go0685469,46.120814,-123.269165
Go0685470,46.121602,-123.270125
Go0685471,46.121423,-123.271523
Go0685472,44.587947,-123.193941
Go0685473,44.587648,-123.193914
Go0685474,44.58826,-123.192446
Go0685475,46.121649,-123.269525
Go0685476,46.120791,-123.271619
Go0685477,46.121117,-123.269633
Go0685478,44.588085,-123.194044
Go0685479,44.587691,-123.193645
Go0685480,46.121297,-123.269816
Go0685481,46.121531,-123.271207
Go0685482,44.588305,128.194052
Go0685483,44.587743,-123.193438
Go0685484,44.587955,-123.193022
Go0685485,46.121135,-123.269376
Go0685486,46.12132,-123.269603
Go0685487,46.121204,-123.271338
Go0685488,44.588056,-123.194069
Go0685489,44.587994,-123.192874
Go0685490,46.121579,-123.269208
Go0685491,46.121497,-123.269638
Go0685492,46.121012,-123.271438
Go0685493,44.588219,-123.193899
Go0685494,44.587442,-123.193709
Go0685495,44.588254,-123.193143
Go0685496,46.121225,-123.270853
Go0685497,46.121406,-123.270107
Go0685498,46.121531,-123.271098
Go0685499,44.588251,-123.194029
Go0685500,44.587593,-123.193547
Go0685501,44.588007,-123.192696
Go0685502,46.12116,-123.270413
Go0685503,46.121622,-123.271675
Go0685504,44.587688,-123.193613
Go0685505,44.588158,-123.192616
Go0685506,46.121171,-123.269419
Go0685507,44.588071,-123.1939784
Go0685508,46.12162,-123.269023
Go0685509,46.120901,-123.269789
Go0685510,46.121108,-123.269142
Go0685511,46.121233,-123.270148
Go0685512,46.121352,-123.270987
Go0685513,44.588192,-123.19405
Go0685514,44.588185,-123.192616
Go0685515,44.58745,-123.193254
Go0685516,44.587953,-123.192965
Go0685517,46.121285,-123.269504
Go0685518,46.121439,-123.270375
Go0685519,46.121521,-123.27199
Go0685520,44.588162,-123.19393
Go0685521,44.587532,-123.193385
Go0685522,44.588348,-123.19403
Go0685523,44.587826,-123.193839
Go0685524,44.588067,-123.193099
Go0685525,46.121006,-123.270477
Go0685526,44.588286,-123.194027
Go0685527,44.587646,-123.193454
Go0692335,37.8846385,-122.3112126
Go0692336,37.8846385,-122.3112126
Go0692337,37.8846385,-122.3112126
Go0698650,43.076592,-89.4124875
